id,Exited
15000,0.29591836734693877
15001,0.034284450342844504
15002,0.18281535648994515
15003,0.8184991273996509
15004,0.18281535648994515
15005,0.8148148148148148
15006,0.034284450342844504
15007,0.034284450342844504
15008,0.05191256830601093
15009,0.034284450342844504
15010,0.041044776119402986
15011,0.9686847599164927
15012,0.041044776119402986
15013,0.29591836734693877
15014,0.034284450342844504
15015,0.034284450342844504
15016,0.05191256830601093
15017,0.034284450342844504
15018,0.6701030927835051
15019,0.034284450342844504
15020,0.034284450342844504
15021,0.034284450342844504
15022,0.9686847599164927
15023,0.3088235294117647
15024,0.05191256830601093
15025,0.8184991273996509
15026,0.927007299270073
15027,0.034284450342844504
15028,0.3088235294117647
15029,0.7369439071566731
15030,0.8614020950846092
15031,0.6701030927835051
15032,0.1092436974789916
15033,0.5929824561403508
15034,0.8614020950846092
15035,0.034284450342844504
15036,0.034284450342844504
15037,0.8184991273996509
15038,0.18281535648994515
15039,0.04897959183673469
15040,0.425
15041,0.05191256830601093
15042,0.034284450342844504
15043,0.034284450342844504
15044,0.034284450342844504
15045,0.18281535648994515
15046,0.6792079207920793
15047,0.9686847599164927
15048,0.034284450342844504
15049,0.6792079207920793
15050,0.034284450342844504
15051,0.1092436974789916
15052,0.041044776119402986
15053,0.8614020950846092
15054,0.6870748299319728
15055,0.034284450342844504
15056,0.034284450342844504
15057,0.9686847599164927
15058,0.9686847599164927
15059,0.6792079207920793
15060,0.034284450342844504
15061,0.034284450342844504
15062,0.927007299270073
15063,0.927007299270073
15064,0.041044776119402986
15065,0.18281535648994515
15066,0.041044776119402986
15067,0.9686847599164927
15068,0.9686847599164927
15069,0.034284450342844504
15070,0.927007299270073
15071,0.034284450342844504
15072,0.927007299270073
15073,0.8184991273996509
15074,0.034284450342844504
15075,0.034284450342844504
15076,0.034284450342844504
15077,0.18281535648994515
15078,0.034284450342844504
15079,0.29591836734693877
15080,0.9686847599164927
15081,0.05
15082,0.48484848484848486
15083,0.2482758620689655
15084,0.034284450342844504
15085,0.041044776119402986
15086,0.8614020950846092
15087,0.034284450342844504
15088,0.034284450342844504
15089,0.041044776119402986
15090,0.034284450342844504
15091,0.034284450342844504
15092,0.034284450342844504
15093,0.041044776119402986
15094,0.034284450342844504
15095,0.034284450342844504
15096,0.927007299270073
15097,0.034284450342844504
15098,0.04897959183673469
15099,0.45161290322580644
15100,0.034284450342844504
15101,0.8614020950846092
15102,0.7369439071566731
15103,0.39357429718875503
15104,0.7369439071566731
15105,0.1092436974789916
15106,0.3088235294117647
15107,0.9686847599164927
15108,0.034284450342844504
15109,0.034284450342844504
15110,0.3088235294117647
15111,0.034284450342844504
15112,0.6792079207920793
15113,0.034284450342844504
15114,0.034284450342844504
15115,0.04897959183673469
15116,0.034284450342844504
15117,0.9983552631578947
15118,0.05191256830601093
15119,0.18281535648994515
15120,0.034284450342844504
15121,0.7369439071566731
15122,0.034284450342844504
15123,0.04897959183673469
15124,0.6870748299319728
15125,0.034284450342844504
15126,0.9686847599164927
15127,0.034284450342844504
15128,0.041044776119402986
15129,0.29591836734693877
15130,0.034284450342844504
15131,0.8614020950846092
15132,0.11702127659574468
15133,0.2482758620689655
15134,0.034284450342844504
15135,0.9686847599164927
15136,0.6792079207920793
15137,0.425
15138,0.8148148148148148
15139,0.034284450342844504
15140,0.034284450342844504
15141,0.9686847599164927
15142,0.034284450342844504
15143,0.9686847599164927
15144,0.425
15145,0.034284450342844504
15146,0.05191256830601093
15147,0.9515151515151515
15148,0.034284450342844504
15149,0.9686847599164927
15150,0.041044776119402986
15151,0.8614020950846092
15152,0.9983552631578947
15153,0.2482758620689655
15154,0.9686847599164927
15155,0.425
15156,0.034284450342844504
15157,0.05191256830601093
15158,0.39357429718875503
15159,0.8184991273996509
15160,0.5929824561403508
15161,0.034284450342844504
15162,0.034284450342844504
15163,0.034284450342844504
15164,0.034284450342844504
15165,0.041044776119402986
15166,0.9515151515151515
15167,0.7369439071566731
15168,0.041044776119402986
15169,0.034284450342844504
15170,0.7369439071566731
15171,0.034284450342844504
15172,0.041044776119402986
15173,0.9686847599164927
15174,0.927007299270073
15175,0.48484848484848486
15176,0.034284450342844504
15177,0.36936936936936937
15178,0.48484848484848486
15179,0.034284450342844504
15180,0.18281535648994515
15181,0.9686847599164927
15182,0.11702127659574468
15183,0.927007299270073
15184,0.034284450342844504
15185,0.8184991273996509
15186,0.041044776119402986
15187,0.034284450342844504
15188,0.05191256830601093
15189,0.034284450342844504
15190,0.29591836734693877
15191,0.034284450342844504
15192,0.6870748299319728
15193,0.45161290322580644
15194,0.927007299270073
15195,0.7369439071566731
15196,0.8184991273996509
15197,0.034284450342844504
15198,0.8184991273996509
15199,0.48484848484848486
15200,0.6792079207920793
15201,0.18281535648994515
15202,0.034284450342844504
15203,0.034284450342844504
15204,0.034284450342844504
15205,0.5929824561403508
15206,0.18281535648994515
15207,0.18281535648994515
15208,0.034284450342844504
15209,0.7369439071566731
15210,0.034284450342844504
15211,0.05191256830601093
15212,0.8614020950846092
15213,0.034284450342844504
15214,0.041044776119402986
15215,0.034284450342844504
15216,0.927007299270073
15217,0.041044776119402986
15218,0.18281535648994515
15219,0.034284450342844504
15220,0.034284450342844504
15221,0.04897959183673469
15222,0.3088235294117647
15223,0.034284450342844504
15224,0.034284450342844504
15225,0.8614020950846092
15226,0.927007299270073
15227,0.034284450342844504
15228,0.8184991273996509
15229,0.2482758620689655
15230,0.9686847599164927
15231,0.927007299270073
15232,0.041044776119402986
15233,0.2482758620689655
15234,0.9983552631578947
15235,0.034284450342844504
15236,0.3872832369942196
15237,0.2482758620689655
15238,0.034284450342844504
15239,0.034284450342844504
15240,0.3088235294117647
15241,0.04897959183673469
15242,0.3872832369942196
15243,0.8184991273996509
15244,0.034284450342844504
15245,0.927007299270073
15246,0.3088235294117647
15247,0.18281535648994515
15248,0.6792079207920793
15249,0.041044776119402986
15250,0.034284450342844504
15251,0.034284450342844504
15252,0.3872832369942196
15253,0.5929824561403508
15254,0.034284450342844504
15255,0.034284450342844504
15256,0.034284450342844504
15257,0.11702127659574468
15258,0.9686847599164927
15259,0.3088235294117647
15260,0.034284450342844504
15261,0.9983552631578947
15262,0.034284450342844504
15263,0.9515151515151515
15264,0.36936936936936937
15265,0.2482758620689655
15266,0.3088235294117647
15267,0.425
15268,0.034284450342844504
15269,0.034284450342844504
15270,0.11702127659574468
15271,0.04897959183673469
15272,0.041044776119402986
15273,0.034284450342844504
15274,0.9686847599164927
15275,0.9686847599164927
15276,0.05
15277,0.034284450342844504
15278,0.034284450342844504
15279,0.18281535648994515
15280,0.9686847599164927
15281,0.034284450342844504
15282,0.1092436974789916
15283,0.45454545454545453
15284,0.034284450342844504
15285,0.9686847599164927
15286,0.034284450342844504
15287,0.034284450342844504
15288,0.034284450342844504
15289,0.041044776119402986
15290,0.034284450342844504
15291,0.034284450342844504
15292,0.3088235294117647
15293,0.9686847599164927
15294,0.034284450342844504
15295,0.3088235294117647
15296,0.041044776119402986
15297,0.034284450342844504
15298,0.034284450342844504
15299,0.034284450342844504
15300,0.18281535648994515
15301,0.45454545454545453
15302,0.6870748299319728
15303,0.034284450342844504
15304,0.034284450342844504
15305,0.3088235294117647
15306,0.041044776119402986
15307,0.927007299270073
15308,0.034284450342844504
15309,0.9983552631578947
15310,0.8184991273996509
15311,0.3872832369942196
15312,0.04897959183673469
15313,0.034284450342844504
15314,0.034284450342844504
15315,0.034284450342844504
15316,0.3088235294117647
15317,0.05191256830601093
15318,0.927007299270073
15319,0.034284450342844504
15320,0.041044776119402986
15321,0.034284450342844504
15322,0.04897959183673469
15323,0.034284450342844504
15324,0.9686847599164927
15325,0.034284450342844504
15326,0.18281535648994515
15327,0.8184991273996509
15328,0.4314868804664723
15329,0.034284450342844504
15330,0.034284450342844504
15331,0.041044776119402986
15332,0.034284450342844504
15333,0.041044776119402986
15334,0.29591836734693877
15335,0.034284450342844504
15336,0.11702127659574468
15337,0.034284450342844504
15338,0.1092436974789916
15339,0.041044776119402986
15340,0.034284450342844504
15341,0.034284450342844504
15342,0.9686847599164927
15343,0.041044776119402986
15344,0.041044776119402986
15345,0.2482758620689655
15346,0.9686847599164927
15347,0.11702127659574468
15348,0.11702127659574468
15349,0.04897959183673469
15350,0.034284450342844504
15351,0.034284450342844504
15352,0.05
15353,0.3088235294117647
15354,0.034284450342844504
15355,0.425
15356,0.8614020950846092
15357,0.034284450342844504
15358,0.034284450342844504
15359,0.034284450342844504
15360,0.1092436974789916
15361,0.034284450342844504
15362,0.034284450342844504
15363,0.034284450342844504
15364,0.041044776119402986
15365,0.8184991273996509
15366,0.45454545454545453
15367,0.9686847599164927
15368,0.041044776119402986
15369,0.034284450342844504
15370,0.45454545454545453
15371,0.034284450342844504
15372,0.034284450342844504
15373,0.45161290322580644
15374,0.7369439071566731
15375,0.3088235294117647
15376,0.3872832369942196
15377,0.927007299270073
15378,0.1092436974789916
15379,0.9686847599164927
15380,0.927007299270073
15381,0.034284450342844504
15382,0.034284450342844504
15383,0.034284450342844504
15384,0.45454545454545453
15385,0.3088235294117647
15386,0.39357429718875503
15387,0.041044776119402986
15388,0.034284450342844504
15389,0.48484848484848486
15390,0.5929824561403508
15391,0.3088235294117647
15392,0.034284450342844504
15393,0.034284450342844504
15394,0.034284450342844504
15395,0.034284450342844504
15396,0.18281535648994515
15397,0.05191256830601093
15398,0.034284450342844504
15399,0.034284450342844504
15400,0.9038461538461539
15401,0.4314868804664723
15402,0.034284450342844504
15403,0.3088235294117647
15404,0.2482758620689655
15405,0.18281535648994515
15406,0.6701030927835051
15407,0.04897959183673469
15408,0.3088235294117647
15409,0.6792079207920793
15410,0.6870748299319728
15411,0.034284450342844504
15412,0.041044776119402986
15413,0.927007299270073
15414,0.9686847599164927
15415,0.034284450342844504
15416,0.034284450342844504
15417,0.39357429718875503
15418,0.041044776119402986
15419,0.6792079207920793
15420,0.18281535648994515
15421,0.034284450342844504
15422,0.6792079207920793
15423,0.39357429718875503
15424,0.05191256830601093
15425,0.9686847599164927
15426,0.6870748299319728
15427,0.041044776119402986
15428,0.18281535648994515
15429,0.11702127659574468
15430,0.034284450342844504
15431,0.1092436974789916
15432,0.04897959183673469
15433,0.034284450342844504
15434,0.034284450342844504
15435,0.034284450342844504
15436,0.2482758620689655
15437,0.18281535648994515
15438,0.034284450342844504
15439,0.034284450342844504
15440,0.041044776119402986
15441,0.9983552631578947
15442,0.8184991273996509
15443,0.6792079207920793
15444,0.05191256830601093
15445,0.034284450342844504
15446,0.041044776119402986
15447,0.034284450342844504
15448,0.9686847599164927
15449,0.1092436974789916
15450,0.034284450342844504
15451,0.034284450342844504
15452,0.927007299270073
15453,0.2482758620689655
15454,0.36936936936936937
15455,0.9686847599164927
15456,0.041044776119402986
15457,0.034284450342844504
15458,0.6792079207920793
15459,0.7369439071566731
15460,0.45454545454545453
15461,0.05
15462,0.04897959183673469
15463,0.034284450342844504
15464,0.9686847599164927
15465,0.6870748299319728
15466,0.034284450342844504
15467,0.9686847599164927
15468,0.034284450342844504
15469,0.041044776119402986
15470,0.034284450342844504
15471,0.034284450342844504
15472,0.3088235294117647
15473,0.6792079207920793
15474,0.3088235294117647
15475,0.6701030927835051
15476,0.6792079207920793
15477,0.034284450342844504
15478,0.034284450342844504
15479,0.041044776119402986
15480,0.9515151515151515
15481,0.9686847599164927
15482,0.18281535648994515
15483,0.9686847599164927
15484,0.034284450342844504
15485,0.3872832369942196
15486,0.034284450342844504
15487,0.9686847599164927
15488,0.034284450342844504
15489,0.11702127659574468
15490,0.9686847599164927
15491,0.8614020950846092
15492,0.9686847599164927
15493,0.3088235294117647
15494,0.041044776119402986
15495,0.9038461538461539
15496,0.18281535648994515
15497,0.034284450342844504
15498,0.9686847599164927
15499,0.29591836734693877
15500,0.034284450342844504
15501,0.034284450342844504
15502,0.18281535648994515
15503,0.9686847599164927
15504,0.3088235294117647
15505,0.034284450342844504
15506,0.425
15507,0.034284450342844504
15508,0.39357429718875503
15509,0.034284450342844504
15510,0.4314868804664723
15511,0.034284450342844504
15512,0.034284450342844504
15513,0.034284450342844504
15514,0.041044776119402986
15515,0.034284450342844504
15516,0.18281535648994515
15517,0.6701030927835051
15518,0.034284450342844504
15519,0.034284450342844504
15520,0.45161290322580644
15521,0.1092436974789916
15522,0.3088235294117647
15523,0.041044776119402986
15524,0.18281535648994515
15525,0.034284450342844504
15526,0.034284450342844504
15527,0.034284450342844504
15528,0.034284450342844504
15529,0.04897959183673469
15530,0.034284450342844504
15531,0.05191256830601093
15532,0.05191256830601093
15533,0.11702127659574468
15534,0.034284450342844504
15535,0.4314868804664723
15536,0.7369439071566731
15537,0.034284450342844504
15538,0.1092436974789916
15539,0.034284450342844504
15540,0.18281535648994515
15541,0.034284450342844504
15542,0.034284450342844504
15543,0.034284450342844504
15544,0.034284450342844504
15545,0.041044776119402986
15546,0.7369439071566731
15547,0.2482758620689655
15548,0.034284450342844504
15549,0.9686847599164927
15550,0.034284450342844504
15551,0.034284450342844504
15552,0.034284450342844504
15553,0.041044776119402986
15554,0.2482758620689655
15555,0.034284450342844504
15556,0.034284450342844504
15557,0.04897959183673469
15558,0.041044776119402986
15559,0.041044776119402986
15560,0.04897959183673469
15561,0.034284450342844504
15562,0.034284450342844504
15563,0.04897959183673469
15564,0.04897959183673469
15565,0.18281535648994515
15566,0.041044776119402986
15567,0.034284450342844504
15568,0.034284450342844504
15569,0.034284450342844504
15570,0.3088235294117647
15571,0.9515151515151515
15572,0.9686847599164927
15573,0.11702127659574468
15574,0.034284450342844504
15575,0.034284450342844504
15576,0.18281535648994515
15577,0.927007299270073
15578,0.927007299270073
15579,0.6792079207920793
15580,0.034284450342844504
15581,0.3088235294117647
15582,0.04897959183673469
15583,0.034284450342844504
15584,0.04897959183673469
15585,0.9983552631578947
15586,0.034284450342844504
15587,0.05191256830601093
15588,0.18281535648994515
15589,0.034284450342844504
15590,0.034284450342844504
15591,0.034284450342844504
15592,0.11702127659574468
15593,0.9686847599164927
15594,0.8184991273996509
15595,0.041044776119402986
15596,0.927007299270073
15597,0.8184991273996509
15598,0.29591836734693877
15599,0.3088235294117647
15600,0.8614020950846092
15601,0.9686847599164927
15602,0.034284450342844504
15603,0.04897959183673469
15604,0.8184991273996509
15605,0.36936936936936937
15606,0.034284450342844504
15607,0.39357429718875503
15608,0.034284450342844504
15609,0.034284450342844504
15610,0.927007299270073
15611,0.034284450342844504
15612,0.3088235294117647
15613,0.3872832369942196
15614,0.041044776119402986
15615,0.8148148148148148
15616,0.034284450342844504
15617,0.9686847599164927
15618,0.3872832369942196
15619,0.034284450342844504
15620,0.6792079207920793
15621,0.034284450342844504
15622,0.034284450342844504
15623,0.04897959183673469
15624,0.034284450342844504
15625,0.9686847599164927
15626,0.034284450342844504
15627,0.3872832369942196
15628,0.034284450342844504
15629,0.18281535648994515
15630,0.034284450342844504
15631,0.45161290322580644
15632,0.034284450342844504
15633,0.034284450342844504
15634,0.3088235294117647
15635,0.2482758620689655
15636,0.18281535648994515
15637,0.3872832369942196
15638,0.04897959183673469
15639,0.6792079207920793
15640,0.9686847599164927
15641,0.45454545454545453
15642,0.2482758620689655
15643,0.034284450342844504
15644,0.4314868804664723
15645,0.034284450342844504
15646,0.3088235294117647
15647,0.034284450342844504
15648,0.2482758620689655
15649,0.3088235294117647
15650,0.034284450342844504
15651,0.034284450342844504
15652,0.034284450342844504
15653,0.9686847599164927
15654,0.4314868804664723
15655,0.927007299270073
15656,0.3872832369942196
15657,0.9686847599164927
15658,0.05191256830601093
15659,0.034284450342844504
15660,0.034284450342844504
15661,0.4314868804664723
15662,0.034284450342844504
15663,0.04897959183673469
15664,0.48484848484848486
15665,0.6870748299319728
15666,0.034284450342844504
15667,0.034284450342844504
15668,0.034284450342844504
15669,0.6792079207920793
15670,0.9038461538461539
15671,0.2482758620689655
15672,0.034284450342844504
15673,0.425
15674,0.8614020950846092
15675,0.8614020950846092
15676,0.034284450342844504
15677,0.7369439071566731
15678,0.041044776119402986
15679,0.034284450342844504
15680,0.11702127659574468
15681,0.034284450342844504
15682,0.034284450342844504
15683,0.05191256830601093
15684,0.034284450342844504
15685,0.041044776119402986
15686,0.8184991273996509
15687,0.034284450342844504
15688,0.8614020950846092
15689,0.3088235294117647
15690,0.6792079207920793
15691,0.034284450342844504
15692,0.29591836734693877
15693,0.18281535648994515
15694,0.034284450342844504
15695,0.034284450342844504
15696,0.034284450342844504
15697,0.034284450342844504
15698,0.4314868804664723
15699,0.034284450342844504
15700,0.034284450342844504
15701,0.3872832369942196
15702,0.034284450342844504
15703,0.45161290322580644
15704,0.034284450342844504
15705,0.9686847599164927
15706,0.11702127659574468
15707,0.041044776119402986
15708,0.9686847599164927
15709,0.034284450342844504
15710,0.9686847599164927
15711,0.425
15712,0.034284450342844504
15713,0.034284450342844504
15714,0.034284450342844504
15715,0.8184991273996509
15716,0.041044776119402986
15717,0.034284450342844504
15718,0.11702127659574468
15719,0.9983552631578947
15720,0.7369439071566731
15721,0.3088235294117647
15722,0.034284450342844504
15723,0.034284450342844504
15724,0.3088235294117647
15725,0.05191256830601093
15726,0.034284450342844504
15727,0.034284450342844504
15728,0.034284450342844504
15729,0.9686847599164927
15730,0.05
15731,0.034284450342844504
15732,0.9686847599164927
15733,0.6870748299319728
15734,0.034284450342844504
15735,0.6792079207920793
15736,0.034284450342844504
15737,0.8614020950846092
15738,0.034284450342844504
15739,0.034284450342844504
15740,0.034284450342844504
15741,0.2482758620689655
15742,0.8614020950846092
15743,0.8614020950846092
15744,0.034284450342844504
15745,0.034284450342844504
15746,0.18281535648994515
15747,0.6792079207920793
15748,0.7369439071566731
15749,0.034284450342844504
15750,0.041044776119402986
15751,0.034284450342844504
15752,0.6870748299319728
15753,0.034284450342844504
15754,0.034284450342844504
15755,0.29591836734693877
15756,0.034284450342844504
15757,0.034284450342844504
15758,0.4314868804664723
15759,0.11702127659574468
15760,0.04897959183673469
15761,0.3088235294117647
15762,0.8614020950846092
15763,0.954248366013072
15764,0.034284450342844504
15765,0.04897959183673469
15766,0.034284450342844504
15767,0.034284450342844504
15768,0.034284450342844504
15769,0.034284450342844504
15770,0.3872832369942196
15771,0.3088235294117647
15772,0.034284450342844504
15773,0.034284450342844504
15774,0.05
15775,0.034284450342844504
15776,0.3088235294117647
15777,0.9686847599164927
15778,0.9686847599164927
15779,0.3088235294117647
15780,0.7369439071566731
15781,0.034284450342844504
15782,0.18281535648994515
15783,0.041044776119402986
15784,0.041044776119402986
15785,0.034284450342844504
15786,0.034284450342844504
15787,0.034284450342844504
15788,0.927007299270073
15789,0.9686847599164927
15790,0.041044776119402986
15791,0.034284450342844504
15792,0.9686847599164927
15793,0.034284450342844504
15794,0.034284450342844504
15795,0.7369439071566731
15796,0.034284450342844504
15797,0.29591836734693877
15798,0.9686847599164927
15799,0.034284450342844504
15800,0.7369439071566731
15801,0.9686847599164927
15802,0.425
15803,0.29591836734693877
15804,0.05191256830601093
15805,0.041044776119402986
15806,0.05191256830601093
15807,0.927007299270073
15808,0.1092436974789916
15809,0.034284450342844504
15810,0.9686847599164927
15811,0.45454545454545453
15812,0.034284450342844504
15813,0.034284450342844504
15814,0.05191256830601093
15815,0.034284450342844504
15816,0.6792079207920793
15817,0.04897959183673469
15818,0.11702127659574468
15819,0.04897959183673469
15820,0.18281535648994515
15821,0.8614020950846092
15822,0.11702127659574468
15823,0.2482758620689655
15824,0.034284450342844504
15825,0.034284450342844504
15826,0.034284450342844504
15827,0.3088235294117647
15828,0.034284450342844504
15829,0.6792079207920793
15830,0.9686847599164927
15831,0.05191256830601093
15832,0.034284450342844504
15833,0.8614020950846092
15834,0.425
15835,0.034284450342844504
15836,0.034284450342844504
15837,0.8184991273996509
15838,0.034284450342844504
15839,0.034284450342844504
15840,0.034284450342844504
15841,0.034284450342844504
15842,0.1092436974789916
15843,0.2482758620689655
15844,0.05
15845,0.8614020950846092
15846,0.8614020950846092
15847,0.034284450342844504
15848,0.041044776119402986
15849,0.11702127659574468
15850,0.034284450342844504
15851,0.04897959183673469
15852,0.034284450342844504
15853,0.04897959183673469
15854,0.034284450342844504
15855,0.45161290322580644
15856,0.11702127659574468
15857,0.18281535648994515
15858,0.05191256830601093
15859,0.9515151515151515
15860,0.034284450342844504
15861,0.6792079207920793
15862,0.05191256830601093
15863,0.04897959183673469
15864,0.9983552631578947
15865,0.3872832369942196
15866,0.11702127659574468
15867,0.3088235294117647
15868,0.034284450342844504
15869,0.034284450342844504
15870,0.034284450342844504
15871,0.034284450342844504
15872,0.3088235294117647
15873,0.7369439071566731
15874,0.034284450342844504
15875,0.18281535648994515
15876,0.034284450342844504
15877,0.034284450342844504
15878,0.4314868804664723
15879,0.9686847599164927
15880,0.034284450342844504
15881,0.041044776119402986
15882,0.39357429718875503
15883,0.041044776119402986
15884,0.05191256830601093
15885,0.034284450342844504
15886,0.9686847599164927
15887,0.034284450342844504
15888,0.3088235294117647
15889,0.18281535648994515
15890,0.04897959183673469
15891,0.9686847599164927
15892,0.034284450342844504
15893,0.4314868804664723
15894,0.034284450342844504
15895,0.034284450342844504
15896,0.3088235294117647
15897,0.8184991273996509
15898,0.034284450342844504
15899,0.034284450342844504
15900,0.7369439071566731
15901,0.7369439071566731
15902,0.034284450342844504
15903,0.8184991273996509
15904,0.034284450342844504
15905,0.425
15906,0.18281535648994515
15907,0.3088235294117647
15908,0.18281535648994515
15909,0.3088235294117647
15910,0.034284450342844504
15911,0.5929824561403508
15912,0.034284450342844504
15913,0.034284450342844504
15914,0.6701030927835051
15915,0.05
15916,0.04897959183673469
15917,0.034284450342844504
15918,0.034284450342844504
15919,0.45161290322580644
15920,0.425
15921,0.36936936936936937
15922,0.034284450342844504
15923,0.034284450342844504
15924,0.6792079207920793
15925,0.034284450342844504
15926,0.18281535648994515
15927,0.9686847599164927
15928,0.034284450342844504
15929,0.927007299270073
15930,0.9686847599164927
15931,0.6792079207920793
15932,0.2482758620689655
15933,0.927007299270073
15934,0.034284450342844504
15935,0.034284450342844504
15936,0.034284450342844504
15937,0.034284450342844504
15938,0.29591836734693877
15939,0.04897959183673469
15940,0.3088235294117647
15941,0.3088235294117647
15942,0.034284450342844504
15943,0.18281535648994515
15944,0.034284450342844504
15945,0.034284450342844504
15946,0.11702127659574468
15947,0.034284450342844504
15948,0.9686847599164927
15949,0.9686847599164927
15950,0.034284450342844504
15951,0.034284450342844504
15952,0.9686847599164927
15953,0.29591836734693877
15954,0.425
15955,0.041044776119402986
15956,0.034284450342844504
15957,0.2482758620689655
15958,0.9515151515151515
15959,0.3088235294117647
15960,0.034284450342844504
15961,0.8614020950846092
15962,0.034284450342844504
15963,0.034284450342844504
15964,0.4314868804664723
15965,0.29591836734693877
15966,0.9686847599164927
15967,0.05191256830601093
15968,0.3872832369942196
15969,0.034284450342844504
15970,0.2482758620689655
15971,0.11702127659574468
15972,0.9983552631578947
15973,0.034284450342844504
15974,0.041044776119402986
15975,0.18281535648994515
15976,0.034284450342844504
15977,0.034284450342844504
15978,0.29591836734693877
15979,0.034284450342844504
15980,0.034284450342844504
15981,0.034284450342844504
15982,0.034284450342844504
15983,0.034284450342844504
15984,0.034284450342844504
15985,0.45161290322580644
15986,0.29591836734693877
15987,0.034284450342844504
15988,0.034284450342844504
15989,0.041044776119402986
15990,0.8184991273996509
15991,0.034284450342844504
15992,0.9686847599164927
15993,0.18281535648994515
15994,0.034284450342844504
15995,0.034284450342844504
15996,0.9686847599164927
15997,0.3088235294117647
15998,0.05191256830601093
15999,0.04897959183673469
16000,0.6792079207920793
16001,0.034284450342844504
16002,0.034284450342844504
16003,0.034284450342844504
16004,0.05191256830601093
16005,0.39357429718875503
16006,0.04897959183673469
16007,0.39357429718875503
16008,0.034284450342844504
16009,0.9686847599164927
16010,0.034284450342844504
16011,0.8614020950846092
16012,0.034284450342844504
16013,0.034284450342844504
16014,0.034284450342844504
16015,0.6870748299319728
16016,0.8614020950846092
16017,0.4314868804664723
16018,0.2482758620689655
16019,0.3088235294117647
16020,0.034284450342844504
16021,0.034284450342844504
16022,0.034284450342844504
16023,0.041044776119402986
16024,0.18281535648994515
16025,0.05191256830601093
16026,0.9686847599164927
16027,0.034284450342844504
16028,0.041044776119402986
16029,0.034284450342844504
16030,0.18281535648994515
16031,0.2482758620689655
16032,0.9686847599164927
16033,0.3088235294117647
16034,0.8614020950846092
16035,0.18281535648994515
16036,0.4314868804664723
16037,0.3088235294117647
16038,0.4314868804664723
16039,0.11702127659574468
16040,0.4314868804664723
16041,0.9983552631578947
16042,0.05191256830601093
16043,0.034284450342844504
16044,0.034284450342844504
16045,0.9686847599164927
16046,0.8614020950846092
16047,0.5929824561403508
16048,0.041044776119402986
16049,0.034284450342844504
16050,0.034284450342844504
16051,0.034284450342844504
16052,0.034284450342844504
16053,0.034284450342844504
16054,0.7369439071566731
16055,0.3088235294117647
16056,0.3872832369942196
16057,0.927007299270073
16058,0.9686847599164927
16059,0.3088235294117647
16060,0.6792079207920793
16061,0.034284450342844504
16062,0.034284450342844504
16063,0.034284450342844504
16064,0.034284450342844504
16065,0.034284450342844504
16066,0.034284450342844504
16067,0.034284450342844504
16068,0.6701030927835051
16069,0.034284450342844504
16070,0.927007299270073
16071,0.034284450342844504
16072,0.034284450342844504
16073,0.7369439071566731
16074,0.034284450342844504
16075,0.45454545454545453
16076,0.6792079207920793
16077,0.8184991273996509
16078,0.927007299270073
16079,0.45454545454545453
16080,0.05191256830601093
16081,0.034284450342844504
16082,0.36936936936936937
16083,0.04897959183673469
16084,0.034284450342844504
16085,0.034284450342844504
16086,0.9686847599164927
16087,0.034284450342844504
16088,0.034284450342844504
16089,0.034284450342844504
16090,0.9686847599164927
16091,0.7369439071566731
16092,0.041044776119402986
16093,0.29591836734693877
16094,0.7369439071566731
16095,0.45454545454545453
16096,0.04897959183673469
16097,0.39357429718875503
16098,0.36936936936936937
16099,0.927007299270073
16100,0.034284450342844504
16101,0.041044776119402986
16102,0.041044776119402986
16103,0.034284450342844504
16104,0.034284450342844504
16105,0.9686847599164927
16106,0.18281535648994515
16107,0.041044776119402986
16108,0.9686847599164927
16109,0.39357429718875503
16110,0.034284450342844504
16111,0.6870748299319728
16112,0.18281535648994515
16113,0.29591836734693877
16114,0.05191256830601093
16115,0.9983552631578947
16116,0.034284450342844504
16117,0.04897959183673469
16118,0.034284450342844504
16119,0.9038461538461539
16120,0.034284450342844504
16121,0.034284450342844504
16122,0.041044776119402986
16123,0.034284450342844504
16124,0.041044776119402986
16125,0.034284450342844504
16126,0.39357429718875503
16127,0.034284450342844504
16128,0.2482758620689655
16129,0.11702127659574468
16130,0.9686847599164927
16131,0.041044776119402986
16132,0.6792079207920793
16133,0.9983552631578947
16134,0.6792079207920793
16135,0.034284450342844504
16136,0.05191256830601093
16137,0.041044776119402986
16138,0.034284450342844504
16139,0.034284450342844504
16140,0.034284450342844504
16141,0.36936936936936937
16142,0.034284450342844504
16143,0.034284450342844504
16144,0.034284450342844504
16145,0.18281535648994515
16146,0.3088235294117647
16147,0.29591836734693877
16148,0.9038461538461539
16149,0.9686847599164927
16150,0.3088235294117647
16151,0.041044776119402986
16152,0.9515151515151515
16153,0.9686847599164927
16154,0.034284450342844504
16155,0.5929824561403508
16156,0.034284450342844504
16157,0.4314868804664723
16158,0.5929824561403508
16159,0.8614020950846092
16160,0.8614020950846092
16161,0.6792079207920793
16162,0.034284450342844504
16163,0.034284450342844504
16164,0.927007299270073
16165,0.034284450342844504
16166,0.034284450342844504
16167,0.7369439071566731
16168,0.034284450342844504
16169,0.18281535648994515
16170,0.034284450342844504
16171,0.3872832369942196
16172,0.18281535648994515
16173,0.7369439071566731
16174,0.2482758620689655
16175,0.04897959183673469
16176,0.034284450342844504
16177,0.8184991273996509
16178,0.034284450342844504
16179,0.5929824561403508
16180,0.034284450342844504
16181,0.034284450342844504
16182,0.05
16183,0.034284450342844504
16184,0.05191256830601093
16185,0.041044776119402986
16186,0.9686847599164927
16187,0.041044776119402986
16188,0.04897959183673469
16189,0.11702127659574468
16190,0.034284450342844504
16191,0.9686847599164927
16192,0.9686847599164927
16193,0.8614020950846092
16194,0.9983552631578947
16195,0.36936936936936937
16196,0.4314868804664723
16197,0.11702127659574468
16198,0.041044776119402986
16199,0.04897959183673469
16200,0.034284450342844504
16201,0.3872832369942196
16202,0.3088235294117647
16203,0.927007299270073
16204,0.18281535648994515
16205,0.8614020950846092
16206,0.034284450342844504
16207,0.041044776119402986
16208,0.3088235294117647
16209,0.1092436974789916
16210,0.4314868804664723
16211,0.425
16212,0.05191256830601093
16213,0.2482758620689655
16214,0.3088235294117647
16215,0.034284450342844504
16216,0.3088235294117647
16217,0.8614020950846092
16218,0.2482758620689655
16219,0.04897959183673469
16220,0.05191256830601093
16221,0.3088235294117647
16222,0.2482758620689655
16223,0.9686847599164927
16224,0.034284450342844504
16225,0.3088235294117647
16226,0.041044776119402986
16227,0.034284450342844504
16228,0.05
16229,0.1092436974789916
16230,0.04897959183673469
16231,0.8614020950846092
16232,0.9515151515151515
16233,0.927007299270073
16234,0.9686847599164927
16235,0.034284450342844504
16236,0.48484848484848486
16237,0.9515151515151515
16238,0.39357429718875503
16239,0.041044776119402986
16240,0.3088235294117647
16241,0.041044776119402986
16242,0.034284450342844504
16243,0.18281535648994515
16244,0.6792079207920793
16245,0.6870748299319728
16246,0.05191256830601093
16247,0.034284450342844504
16248,0.9686847599164927
16249,0.3872832369942196
16250,0.927007299270073
16251,0.8614020950846092
16252,0.034284450342844504
16253,0.034284450342844504
16254,0.034284450342844504
16255,0.2482758620689655
16256,0.041044776119402986
16257,0.034284450342844504
16258,0.1092436974789916
16259,0.05
16260,0.034284450342844504
16261,0.3088235294117647
16262,0.041044776119402986
16263,0.39357429718875503
16264,0.034284450342844504
16265,0.034284450342844504
16266,0.927007299270073
16267,0.034284450342844504
16268,0.11702127659574468
16269,0.034284450342844504
16270,0.4314868804664723
16271,0.034284450342844504
16272,0.3088235294117647
16273,0.041044776119402986
16274,0.45161290322580644
16275,0.034284450342844504
16276,0.3088235294117647
16277,0.9686847599164927
16278,0.034284450342844504
16279,0.4314868804664723
16280,0.034284450342844504
16281,0.7369439071566731
16282,0.04897959183673469
16283,0.034284450342844504
16284,0.425
16285,0.034284450342844504
16286,0.034284450342844504
16287,0.04897959183673469
16288,0.3872832369942196
16289,0.041044776119402986
16290,0.034284450342844504
16291,0.034284450342844504
16292,0.927007299270073
16293,0.927007299270073
16294,0.18281535648994515
16295,0.3088235294117647
16296,0.034284450342844504
16297,0.9686847599164927
16298,0.034284450342844504
16299,0.9686847599164927
16300,0.18281535648994515
16301,0.6792079207920793
16302,0.8614020950846092
16303,0.04897959183673469
16304,0.034284450342844504
16305,0.3088235294117647
16306,0.04897959183673469
16307,0.9686847599164927
16308,0.034284450342844504
16309,0.9983552631578947
16310,0.3088235294117647
16311,0.041044776119402986
16312,0.927007299270073
16313,0.9983552631578947
16314,0.034284450342844504
16315,0.6792079207920793
16316,0.9686847599164927
16317,0.034284450342844504
16318,0.034284450342844504
16319,0.7369439071566731
16320,0.6870748299319728
16321,0.034284450342844504
16322,0.2482758620689655
16323,0.034284450342844504
16324,0.034284450342844504
16325,0.18281535648994515
16326,0.041044776119402986
16327,0.034284450342844504
16328,0.9515151515151515
16329,0.3088235294117647
16330,0.2482758620689655
16331,0.034284450342844504
16332,0.11702127659574468
16333,0.034284450342844504
16334,0.034284450342844504
16335,0.18281535648994515
16336,0.4314868804664723
16337,0.034284450342844504
16338,0.041044776119402986
16339,0.034284450342844504
16340,0.034284450342844504
16341,0.8184991273996509
16342,0.034284450342844504
16343,0.3088235294117647
16344,0.11702127659574468
16345,0.034284450342844504
16346,0.9983552631578947
16347,0.034284450342844504
16348,0.034284450342844504
16349,0.29591836734693877
16350,0.041044776119402986
16351,0.034284450342844504
16352,0.034284450342844504
16353,0.034284450342844504
16354,0.3088235294117647
16355,0.8614020950846092
16356,0.9983552631578947
16357,0.9686847599164927
16358,0.034284450342844504
16359,0.041044776119402986
16360,0.034284450342844504
16361,0.927007299270073
16362,0.3088235294117647
16363,0.034284450342844504
16364,0.034284450342844504
16365,0.6792079207920793
16366,0.8614020950846092
16367,0.041044776119402986
16368,0.9686847599164927
16369,0.5929824561403508
16370,0.8614020950846092
16371,0.041044776119402986
16372,0.034284450342844504
16373,0.3088235294117647
16374,0.11702127659574468
16375,0.034284450342844504
16376,0.29591836734693877
16377,0.8184991273996509
16378,0.034284450342844504
16379,0.39357429718875503
16380,0.7369439071566731
16381,0.36936936936936937
16382,0.05191256830601093
16383,0.034284450342844504
16384,0.11702127659574468
16385,0.18281535648994515
16386,0.9038461538461539
16387,0.034284450342844504
16388,0.034284450342844504
16389,0.9686847599164927
16390,0.6870748299319728
16391,0.4314868804664723
16392,0.034284450342844504
16393,0.034284450342844504
16394,0.034284450342844504
16395,0.04897959183673469
16396,0.6792079207920793
16397,0.18281535648994515
16398,0.8184991273996509
16399,0.034284450342844504
16400,0.3088235294117647
16401,0.04897959183673469
16402,0.9686847599164927
16403,0.034284450342844504
16404,0.034284450342844504
16405,0.034284450342844504
16406,0.927007299270073
16407,0.8614020950846092
16408,0.8614020950846092
16409,0.2482758620689655
16410,0.3088235294117647
16411,0.034284450342844504
16412,0.9686847599164927
16413,0.9686847599164927
16414,0.18281535648994515
16415,0.034284450342844504
16416,0.034284450342844504
16417,0.18281535648994515
16418,0.034284450342844504
16419,0.04897959183673469
16420,0.29591836734693877
16421,0.041044776119402986
16422,0.034284450342844504
16423,0.927007299270073
16424,0.034284450342844504
16425,0.04897959183673469
16426,0.034284450342844504
16427,0.034284450342844504
16428,0.04897959183673469
16429,0.9686847599164927
16430,0.034284450342844504
16431,0.041044776119402986
16432,0.4314868804664723
16433,0.3088235294117647
16434,0.7369439071566731
16435,0.034284450342844504
16436,0.034284450342844504
16437,0.034284450342844504
16438,0.11702127659574468
16439,0.05
16440,0.034284450342844504
16441,0.034284450342844504
16442,0.05
16443,0.04897959183673469
16444,0.5929824561403508
16445,0.11702127659574468
16446,0.48484848484848486
16447,0.2482758620689655
16448,0.041044776119402986
16449,0.034284450342844504
16450,0.034284450342844504
16451,0.041044776119402986
16452,0.9686847599164927
16453,0.18281535648994515
16454,0.5929824561403508
16455,0.11702127659574468
16456,0.034284450342844504
16457,0.8184991273996509
16458,0.034284450342844504
16459,0.034284450342844504
16460,0.034284450342844504
16461,0.04897959183673469
16462,0.034284450342844504
16463,0.9686847599164927
16464,0.034284450342844504
16465,0.034284450342844504
16466,0.36936936936936937
16467,0.034284450342844504
16468,0.8184991273996509
16469,0.034284450342844504
16470,0.034284450342844504
16471,0.425
16472,0.041044776119402986
16473,0.034284450342844504
16474,0.034284450342844504
16475,0.9686847599164927
16476,0.9686847599164927
16477,0.034284450342844504
16478,0.034284450342844504
16479,0.034284450342844504
16480,0.034284450342844504
16481,0.11702127659574468
16482,0.034284450342844504
16483,0.9686847599164927
16484,0.3088235294117647
16485,0.034284450342844504
16486,0.034284450342844504
16487,0.034284450342844504
16488,0.034284450342844504
16489,0.9686847599164927
16490,0.18281535648994515
16491,0.034284450342844504
16492,0.8614020950846092
16493,0.18281535648994515
16494,0.7369439071566731
16495,0.034284450342844504
16496,0.034284450342844504
16497,0.3088235294117647
16498,0.39357429718875503
16499,0.041044776119402986
16500,0.041044776119402986
16501,0.034284450342844504
16502,0.29591836734693877
16503,0.034284450342844504
16504,0.05191256830601093
16505,0.034284450342844504
16506,0.18281535648994515
16507,0.041044776119402986
16508,0.2482758620689655
16509,0.1092436974789916
16510,0.954248366013072
16511,0.4314868804664723
16512,0.034284450342844504
16513,0.034284450342844504
16514,0.3088235294117647
16515,0.041044776119402986
16516,0.034284450342844504
16517,0.3088235294117647
16518,0.2482758620689655
16519,0.034284450342844504
16520,0.05191256830601093
16521,0.034284450342844504
16522,0.04897959183673469
16523,0.7369439071566731
16524,0.18281535648994515
16525,0.5929824561403508
16526,0.041044776119402986
16527,0.034284450342844504
16528,0.9686847599164927
16529,0.48484848484848486
16530,0.034284450342844504
16531,0.034284450342844504
16532,0.9686847599164927
16533,0.034284450342844504
16534,0.05
16535,0.034284450342844504
16536,0.05191256830601093
16537,0.034284450342844504
16538,0.05191256830601093
16539,0.6792079207920793
16540,0.6792079207920793
16541,0.034284450342844504
16542,0.034284450342844504
16543,0.5929824561403508
16544,0.39357429718875503
16545,0.8614020950846092
16546,0.034284450342844504
16547,0.6701030927835051
16548,0.8184991273996509
16549,0.034284450342844504
16550,0.4314868804664723
16551,0.034284450342844504
16552,0.034284450342844504
16553,0.034284450342844504
16554,0.041044776119402986
16555,0.18281535648994515
16556,0.5929824561403508
16557,0.9686847599164927
16558,0.04897959183673469
16559,0.11702127659574468
16560,0.18281535648994515
16561,0.041044776119402986
16562,0.034284450342844504
16563,0.034284450342844504
16564,0.29591836734693877
16565,0.9686847599164927
16566,0.8184991273996509
16567,0.8614020950846092
16568,0.8614020950846092
16569,0.034284450342844504
16570,0.6792079207920793
16571,0.3088235294117647
16572,0.034284450342844504
16573,0.034284450342844504
16574,0.7369439071566731
16575,0.034284450342844504
16576,0.1092436974789916
16577,0.041044776119402986
16578,0.034284450342844504
16579,0.041044776119402986
16580,0.034284450342844504
16581,0.05191256830601093
16582,0.3088235294117647
16583,0.034284450342844504
16584,0.034284450342844504
16585,0.034284450342844504
16586,0.8614020950846092
16587,0.8148148148148148
16588,0.9686847599164927
16589,0.034284450342844504
16590,0.9686847599164927
16591,0.034284450342844504
16592,0.9686847599164927
16593,0.4314868804664723
16594,0.927007299270073
16595,0.034284450342844504
16596,0.034284450342844504
16597,0.7369439071566731
16598,0.9038461538461539
16599,0.041044776119402986
16600,0.7369439071566731
16601,0.034284450342844504
16602,0.6792079207920793
16603,0.034284450342844504
16604,0.1092436974789916
16605,0.04897959183673469
16606,0.11702127659574468
16607,0.05
16608,0.9686847599164927
16609,0.9686847599164927
16610,0.6792079207920793
16611,0.034284450342844504
16612,0.034284450342844504
16613,0.034284450342844504
16614,0.8614020950846092
16615,0.034284450342844504
16616,0.45161290322580644
16617,0.041044776119402986
16618,0.034284450342844504
16619,0.041044776119402986
16620,0.034284450342844504
16621,0.9686847599164927
16622,0.927007299270073
16623,0.1092436974789916
16624,0.8184991273996509
16625,0.034284450342844504
16626,0.034284450342844504
16627,0.18281535648994515
16628,0.034284450342844504
16629,0.041044776119402986
16630,0.05191256830601093
16631,0.927007299270073
16632,0.1092436974789916
16633,0.36936936936936937
16634,0.034284450342844504
16635,0.9686847599164927
16636,0.034284450342844504
16637,0.034284450342844504
16638,0.18281535648994515
16639,0.034284450342844504
16640,0.7369439071566731
16641,0.034284450342844504
16642,0.034284450342844504
16643,0.04897959183673469
16644,0.034284450342844504
16645,0.05191256830601093
16646,0.04897959183673469
16647,0.18281535648994515
16648,0.041044776119402986
16649,0.39357429718875503
16650,0.034284450342844504
16651,0.034284450342844504
16652,0.041044776119402986
16653,0.034284450342844504
16654,0.034284450342844504
16655,0.034284450342844504
16656,0.45454545454545453
16657,0.6870748299319728
16658,0.034284450342844504
16659,0.034284450342844504
16660,0.9686847599164927
16661,0.11702127659574468
16662,0.05
16663,0.034284450342844504
16664,0.034284450342844504
16665,0.2482758620689655
16666,0.04897959183673469
16667,0.05191256830601093
16668,0.9515151515151515
16669,0.034284450342844504
16670,0.034284450342844504
16671,0.034284450342844504
16672,0.39357429718875503
16673,0.927007299270073
16674,0.034284450342844504
16675,0.39357429718875503
16676,0.034284450342844504
16677,0.034284450342844504
16678,0.034284450342844504
16679,0.034284450342844504
16680,0.034284450342844504
16681,0.034284450342844504
16682,0.6792079207920793
16683,0.2482758620689655
16684,0.034284450342844504
16685,0.18281535648994515
16686,0.7369439071566731
16687,0.034284450342844504
16688,0.8184991273996509
16689,0.29591836734693877
16690,0.9983552631578947
16691,0.3872832369942196
16692,0.034284450342844504
16693,0.3872832369942196
16694,0.034284450342844504
16695,0.034284450342844504
16696,0.034284450342844504
16697,0.034284450342844504
16698,0.034284450342844504
16699,0.034284450342844504
16700,0.18281535648994515
16701,0.9686847599164927
16702,0.034284450342844504
16703,0.034284450342844504
16704,0.034284450342844504
16705,0.3088235294117647
16706,0.04897959183673469
16707,0.7369439071566731
16708,0.034284450342844504
16709,0.034284450342844504
16710,0.425
16711,0.7369439071566731
16712,0.034284450342844504
16713,0.927007299270073
16714,0.05191256830601093
16715,0.927007299270073
16716,0.18281535648994515
16717,0.18281535648994515
16718,0.9686847599164927
16719,0.9686847599164927
16720,0.034284450342844504
16721,0.5929824561403508
16722,0.3088235294117647
16723,0.034284450342844504
16724,0.05191256830601093
16725,0.034284450342844504
16726,0.034284450342844504
16727,0.9983552631578947
16728,0.8614020950846092
16729,0.48484848484848486
16730,0.034284450342844504
16731,0.034284450342844504
16732,0.927007299270073
16733,0.034284450342844504
16734,0.041044776119402986
16735,0.48484848484848486
16736,0.9515151515151515
16737,0.05191256830601093
16738,0.034284450342844504
16739,0.9983552631578947
16740,0.034284450342844504
16741,0.034284450342844504
16742,0.927007299270073
16743,0.034284450342844504
16744,0.3088235294117647
16745,0.034284450342844504
16746,0.034284450342844504
16747,0.034284450342844504
16748,0.5929824561403508
16749,0.034284450342844504
16750,0.034284450342844504
16751,0.034284450342844504
16752,0.18281535648994515
16753,0.034284450342844504
16754,0.05191256830601093
16755,0.034284450342844504
16756,0.041044776119402986
16757,0.034284450342844504
16758,0.034284450342844504
16759,0.18281535648994515
16760,0.034284450342844504
16761,0.034284450342844504
16762,0.05191256830601093
16763,0.18281535648994515
16764,0.8184991273996509
16765,0.034284450342844504
16766,0.05191256830601093
16767,0.034284450342844504
16768,0.041044776119402986
16769,0.1092436974789916
16770,0.8184991273996509
16771,0.034284450342844504
16772,0.4314868804664723
16773,0.034284450342844504
16774,0.034284450342844504
16775,0.034284450342844504
16776,0.11702127659574468
16777,0.2482758620689655
16778,0.5929824561403508
16779,0.034284450342844504
16780,0.3088235294117647
16781,0.3872832369942196
16782,0.927007299270073
16783,0.034284450342844504
16784,0.2482758620689655
16785,0.034284450342844504
16786,0.041044776119402986
16787,0.034284450342844504
16788,0.04897959183673469
16789,0.8614020950846092
16790,0.3088235294117647
16791,0.034284450342844504
16792,0.18281535648994515
16793,0.04897959183673469
16794,0.18281535648994515
16795,0.7369439071566731
16796,0.05191256830601093
16797,0.034284450342844504
16798,0.29591836734693877
16799,0.034284450342844504
16800,0.041044776119402986
16801,0.11702127659574468
16802,0.11702127659574468
16803,0.034284450342844504
16804,0.2482758620689655
16805,0.034284450342844504
16806,0.034284450342844504
16807,0.5929824561403508
16808,0.034284450342844504
16809,0.034284450342844504
16810,0.034284450342844504
16811,0.034284450342844504
16812,0.4314868804664723
16813,0.6792079207920793
16814,0.034284450342844504
16815,0.29591836734693877
16816,0.041044776119402986
16817,0.041044776119402986
16818,0.8614020950846092
16819,0.9983552631578947
16820,0.6792079207920793
16821,0.9686847599164927
16822,0.034284450342844504
16823,0.034284450342844504
16824,0.9686847599164927
16825,0.05191256830601093
16826,0.034284450342844504
16827,0.034284450342844504
16828,0.034284450342844504
16829,0.9686847599164927
16830,0.8184991273996509
16831,0.9686847599164927
16832,0.927007299270073
16833,0.9686847599164927
16834,0.034284450342844504
16835,0.04897959183673469
16836,0.2482758620689655
16837,0.4314868804664723
16838,0.6792079207920793
16839,0.45454545454545453
16840,0.9686847599164927
16841,0.034284450342844504
16842,0.39357429718875503
16843,0.3088235294117647
16844,0.9686847599164927
16845,0.18281535648994515
16846,0.9686847599164927
16847,0.45454545454545453
16848,0.927007299270073
16849,0.18281535648994515
16850,0.9686847599164927
16851,0.034284450342844504
16852,0.034284450342844504
16853,0.45161290322580644
16854,0.7369439071566731
16855,0.034284450342844504
16856,0.5929824561403508
16857,0.7369439071566731
16858,0.8614020950846092
16859,0.034284450342844504
16860,0.3088235294117647
16861,0.034284450342844504
16862,0.034284450342844504
16863,0.034284450342844504
16864,0.3088235294117647
16865,0.041044776119402986
16866,0.034284450342844504
16867,0.034284450342844504
16868,0.7369439071566731
16869,0.034284450342844504
16870,0.39357429718875503
16871,0.8614020950846092
16872,0.034284450342844504
16873,0.034284450342844504
16874,0.034284450342844504
16875,0.9686847599164927
16876,0.034284450342844504
16877,0.034284450342844504
16878,0.034284450342844504
16879,0.034284450342844504
16880,0.3088235294117647
16881,0.034284450342844504
16882,0.034284450342844504
16883,0.3088235294117647
16884,0.18281535648994515
16885,0.034284450342844504
16886,0.034284450342844504
16887,0.39357429718875503
16888,0.034284450342844504
16889,0.1092436974789916
16890,0.8614020950846092
16891,0.034284450342844504
16892,0.034284450342844504
16893,0.18281535648994515
16894,0.05191256830601093
16895,0.4314868804664723
16896,0.39357429718875503
16897,0.034284450342844504
16898,0.8148148148148148
16899,0.041044776119402986
16900,0.034284450342844504
16901,0.034284450342844504
16902,0.9686847599164927
16903,0.034284450342844504
16904,0.8614020950846092
16905,0.034284450342844504
16906,0.39357429718875503
16907,0.034284450342844504
16908,0.034284450342844504
16909,0.034284450342844504
16910,0.034284450342844504
16911,0.04897959183673469
16912,0.034284450342844504
16913,0.034284450342844504
16914,0.034284450342844504
16915,0.4314868804664723
16916,0.034284450342844504
16917,0.3088235294117647
16918,0.7369439071566731
16919,0.034284450342844504
16920,0.04897959183673469
16921,0.034284450342844504
16922,0.034284450342844504
16923,0.3088235294117647
16924,0.034284450342844504
16925,0.3088235294117647
16926,0.3088235294117647
16927,0.034284450342844504
16928,0.8184991273996509
16929,0.9686847599164927
16930,0.034284450342844504
16931,0.927007299270073
16932,0.45161290322580644
16933,0.034284450342844504
16934,0.04897959183673469
16935,0.034284450342844504
16936,0.9686847599164927
16937,0.04897959183673469
16938,0.034284450342844504
16939,0.034284450342844504
16940,0.3872832369942196
16941,0.034284450342844504
16942,0.45161290322580644
16943,0.9686847599164927
16944,0.034284450342844504
16945,0.034284450342844504
16946,0.425
16947,0.3088235294117647
16948,0.3088235294117647
16949,0.9983552631578947
16950,0.11702127659574468
16951,0.9686847599164927
16952,0.041044776119402986
16953,0.034284450342844504
16954,0.2482758620689655
16955,0.034284450342844504
16956,0.3088235294117647
16957,0.5929824561403508
16958,0.04897959183673469
16959,0.034284450342844504
16960,0.2482758620689655
16961,0.034284450342844504
16962,0.034284450342844504
16963,0.034284450342844504
16964,0.034284450342844504
16965,0.034284450342844504
16966,0.9686847599164927
16967,0.2482758620689655
16968,0.9686847599164927
16969,0.034284450342844504
16970,0.034284450342844504
16971,0.8184991273996509
16972,0.9686847599164927
16973,0.927007299270073
16974,0.04897959183673469
16975,0.034284450342844504
16976,0.05191256830601093
16977,0.034284450342844504
16978,0.45161290322580644
16979,0.034284450342844504
16980,0.9686847599164927
16981,0.9686847599164927
16982,0.9686847599164927
16983,0.9686847599164927
16984,0.04897959183673469
16985,0.034284450342844504
16986,0.034284450342844504
16987,0.034284450342844504
16988,0.034284450342844504
16989,0.8614020950846092
16990,0.034284450342844504
16991,0.05191256830601093
16992,0.8614020950846092
16993,0.034284450342844504
16994,0.18281535648994515
16995,0.034284450342844504
16996,0.034284450342844504
16997,0.05191256830601093
16998,0.8184991273996509
16999,0.034284450342844504
17000,0.034284450342844504
17001,0.034284450342844504
17002,0.18281535648994515
17003,0.8184991273996509
17004,0.3088235294117647
17005,0.6792079207920793
17006,0.3088235294117647
17007,0.6792079207920793
17008,0.034284450342844504
17009,0.9686847599164927
17010,0.1092436974789916
17011,0.034284450342844504
17012,0.034284450342844504
17013,0.034284450342844504
17014,0.7369439071566731
17015,0.6792079207920793
17016,0.034284450342844504
17017,0.6792079207920793
17018,0.034284450342844504
17019,0.034284450342844504
17020,0.05
17021,0.041044776119402986
17022,0.1092436974789916
17023,0.9686847599164927
17024,0.034284450342844504
17025,0.034284450342844504
17026,0.034284450342844504
17027,0.18281535648994515
17028,0.8184991273996509
17029,0.034284450342844504
17030,0.034284450342844504
17031,0.034284450342844504
17032,0.8184991273996509
17033,0.2482758620689655
17034,0.18281535648994515
17035,0.034284450342844504
17036,0.034284450342844504
17037,0.034284450342844504
17038,0.041044776119402986
17039,0.034284450342844504
17040,0.034284450342844504
17041,0.034284450342844504
17042,0.9686847599164927
17043,0.4314868804664723
17044,0.034284450342844504
17045,0.4314868804664723
17046,0.8184991273996509
17047,0.034284450342844504
17048,0.3088235294117647
17049,0.034284450342844504
17050,0.48484848484848486
17051,0.9686847599164927
17052,0.11702127659574468
17053,0.9686847599164927
17054,0.04897959183673469
17055,0.034284450342844504
17056,0.041044776119402986
17057,0.034284450342844504
17058,0.034284450342844504
17059,0.034284450342844504
17060,0.5929824561403508
17061,0.9686847599164927
17062,0.034284450342844504
17063,0.05191256830601093
17064,0.8614020950846092
17065,0.034284450342844504
17066,0.927007299270073
17067,0.8614020950846092
17068,0.927007299270073
17069,0.48484848484848486
17070,0.6792079207920793
17071,0.9686847599164927
17072,0.034284450342844504
17073,0.04897959183673469
17074,0.6701030927835051
17075,0.041044776119402986
17076,0.034284450342844504
17077,0.7369439071566731
17078,0.3872832369942196
17079,0.4314868804664723
17080,0.3872832369942196
17081,0.034284450342844504
17082,0.034284450342844504
17083,0.3088235294117647
17084,0.3088235294117647
17085,0.9686847599164927
17086,0.18281535648994515
17087,0.4314868804664723
17088,0.034284450342844504
17089,0.034284450342844504
17090,0.034284450342844504
17091,0.034284450342844504
17092,0.39357429718875503
17093,0.041044776119402986
17094,0.041044776119402986
17095,0.9686847599164927
17096,0.6870748299319728
17097,0.2482758620689655
17098,0.04897959183673469
17099,0.034284450342844504
17100,0.8614020950846092
17101,0.48484848484848486
17102,0.9686847599164927
17103,0.034284450342844504
17104,0.034284450342844504
17105,0.3088235294117647
17106,0.034284450342844504
17107,0.8184991273996509
17108,0.425
17109,0.04897959183673469
17110,0.034284450342844504
17111,0.034284450342844504
17112,0.3088235294117647
17113,0.11702127659574468
17114,0.034284450342844504
17115,0.8184991273996509
17116,0.4314868804664723
17117,0.034284450342844504
17118,0.3872832369942196
17119,0.18281535648994515
17120,0.3088235294117647
17121,0.05191256830601093
17122,0.7369439071566731
17123,0.6792079207920793
17124,0.9686847599164927
17125,0.034284450342844504
17126,0.3088235294117647
17127,0.041044776119402986
17128,0.9686847599164927
17129,0.04897959183673469
17130,0.3872832369942196
17131,0.041044776119402986
17132,0.5929824561403508
17133,0.11702127659574468
17134,0.3088235294117647
17135,0.6792079207920793
17136,0.04897959183673469
17137,0.041044776119402986
17138,0.9686847599164927
17139,0.7369439071566731
17140,0.034284450342844504
17141,0.3872832369942196
17142,0.18281535648994515
17143,0.6870748299319728
17144,0.034284450342844504
17145,0.034284450342844504
17146,0.39357429718875503
17147,0.2482758620689655
17148,0.05
17149,0.05
17150,0.034284450342844504
17151,0.39357429718875503
17152,0.18281535648994515
17153,0.034284450342844504
17154,0.04897959183673469
17155,0.034284450342844504
17156,0.6870748299319728
17157,0.05191256830601093
17158,0.3088235294117647
17159,0.29591836734693877
17160,0.034284450342844504
17161,0.6792079207920793
17162,0.034284450342844504
17163,0.8614020950846092
17164,0.034284450342844504
17165,0.034284450342844504
17166,0.29591836734693877
17167,0.034284450342844504
17168,0.05191256830601093
17169,0.8614020950846092
17170,0.034284450342844504
17171,0.034284450342844504
17172,0.3088235294117647
17173,0.48484848484848486
17174,0.425
17175,0.8614020950846092
17176,0.041044776119402986
17177,0.8614020950846092
17178,0.2482758620689655
17179,0.7369439071566731
17180,0.041044776119402986
17181,0.5929824561403508
17182,0.11702127659574468
17183,0.48484848484848486
17184,0.3872832369942196
17185,0.034284450342844504
17186,0.034284450342844504
17187,0.05191256830601093
17188,0.45454545454545453
17189,0.034284450342844504
17190,0.45454545454545453
17191,0.11702127659574468
17192,0.034284450342844504
17193,0.034284450342844504
17194,0.034284450342844504
17195,0.18281535648994515
17196,0.05191256830601093
17197,0.034284450342844504
17198,0.4314868804664723
17199,0.9686847599164927
17200,0.3088235294117647
17201,0.39357429718875503
17202,0.4314868804664723
17203,0.04897959183673469
17204,0.9983552631578947
17205,0.04897959183673469
17206,0.034284450342844504
17207,0.29591836734693877
17208,0.034284450342844504
17209,0.034284450342844504
17210,0.034284450342844504
17211,0.034284450342844504
17212,0.18281535648994515
17213,0.4314868804664723
17214,0.18281535648994515
17215,0.9686847599164927
17216,0.034284450342844504
17217,0.7369439071566731
17218,0.4314868804664723
17219,0.034284450342844504
17220,0.034284450342844504
17221,0.034284450342844504
17222,0.2482758620689655
17223,0.034284450342844504
17224,0.3088235294117647
17225,0.954248366013072
17226,0.034284450342844504
17227,0.034284450342844504
17228,0.034284450342844504
17229,0.6792079207920793
17230,0.041044776119402986
17231,0.05191256830601093
17232,0.034284450342844504
17233,0.11702127659574468
17234,0.034284450342844504
17235,0.041044776119402986
17236,0.034284450342844504
17237,0.034284450342844504
17238,0.927007299270073
17239,0.034284450342844504
17240,0.034284450342844504
17241,0.034284450342844504
17242,0.034284450342844504
17243,0.11702127659574468
17244,0.7369439071566731
17245,0.034284450342844504
17246,0.034284450342844504
17247,0.034284450342844504
17248,0.034284450342844504
17249,0.04897959183673469
17250,0.9686847599164927
17251,0.927007299270073
17252,0.6792079207920793
17253,0.11702127659574468
17254,0.29591836734693877
17255,0.034284450342844504
17256,0.034284450342844504
17257,0.9686847599164927
17258,0.5929824561403508
17259,0.9686847599164927
17260,0.48484848484848486
17261,0.11702127659574468
17262,0.6792079207920793
17263,0.034284450342844504
17264,0.8614020950846092
17265,0.034284450342844504
17266,0.034284450342844504
17267,0.041044776119402986
17268,0.2482758620689655
17269,0.4314868804664723
17270,0.034284450342844504
17271,0.3088235294117647
17272,0.39357429718875503
17273,0.9686847599164927
17274,0.034284450342844504
17275,0.18281535648994515
17276,0.29591836734693877
17277,0.034284450342844504
17278,0.034284450342844504
17279,0.9686847599164927
17280,0.034284450342844504
17281,0.034284450342844504
17282,0.041044776119402986
17283,0.8614020950846092
17284,0.2482758620689655
17285,0.041044776119402986
17286,0.041044776119402986
17287,0.927007299270073
17288,0.034284450342844504
17289,0.3088235294117647
17290,0.034284450342844504
17291,0.034284450342844504
17292,0.4314868804664723
17293,0.8614020950846092
17294,0.8614020950846092
17295,0.11702127659574468
17296,0.034284450342844504
17297,0.034284450342844504
17298,0.05191256830601093
17299,0.3872832369942196
17300,0.18281535648994515
17301,0.927007299270073
17302,0.04897959183673469
17303,0.39357429718875503
17304,0.3088235294117647
17305,0.034284450342844504
17306,0.36936936936936937
17307,0.041044776119402986
17308,0.034284450342844504
17309,0.9686847599164927
17310,0.7369439071566731
17311,0.3088235294117647
17312,0.9686847599164927
17313,0.9515151515151515
17314,0.034284450342844504
17315,0.9038461538461539
17316,0.3088235294117647
17317,0.034284450342844504
17318,0.05191256830601093
17319,0.034284450342844504
17320,0.9983552631578947
17321,0.4314868804664723
17322,0.041044776119402986
17323,0.9686847599164927
17324,0.034284450342844504
17325,0.034284450342844504
17326,0.11702127659574468
17327,0.034284450342844504
17328,0.7369439071566731
17329,0.034284450342844504
17330,0.034284450342844504
17331,0.2482758620689655
17332,0.4314868804664723
17333,0.2482758620689655
17334,0.8614020950846092
17335,0.29591836734693877
17336,0.034284450342844504
17337,0.7369439071566731
17338,0.034284450342844504
17339,0.034284450342844504
17340,0.2482758620689655
17341,0.4314868804664723
17342,0.927007299270073
17343,0.034284450342844504
17344,0.9686847599164927
17345,0.4314868804664723
17346,0.3088235294117647
17347,0.9686847599164927
17348,0.7369439071566731
17349,0.034284450342844504
17350,0.034284450342844504
17351,0.05
17352,0.11702127659574468
17353,0.034284450342844504
17354,0.2482758620689655
17355,0.45161290322580644
17356,0.9686847599164927
17357,0.034284450342844504
17358,0.034284450342844504
17359,0.39357429718875503
17360,0.2482758620689655
17361,0.04897959183673469
17362,0.8614020950846092
17363,0.9983552631578947
17364,0.034284450342844504
17365,0.034284450342844504
17366,0.034284450342844504
17367,0.034284450342844504
17368,0.034284450342844504
17369,0.034284450342844504
17370,0.034284450342844504
17371,0.9686847599164927
17372,0.18281535648994515
17373,0.034284450342844504
17374,0.034284450342844504
17375,0.041044776119402986
17376,0.8184991273996509
17377,0.8614020950846092
17378,0.04897959183673469
17379,0.9686847599164927
17380,0.034284450342844504
17381,0.034284450342844504
17382,0.034284450342844504
17383,0.041044776119402986
17384,0.034284450342844504
17385,0.9038461538461539
17386,0.034284450342844504
17387,0.6792079207920793
17388,0.6701030927835051
17389,0.034284450342844504
17390,0.9983552631578947
17391,0.9686847599164927
17392,0.3088235294117647
17393,0.4314868804664723
17394,0.9686847599164927
17395,0.3088235294117647
17396,0.2482758620689655
17397,0.2482758620689655
17398,0.9686847599164927
17399,0.18281535648994515
17400,0.11702127659574468
17401,0.034284450342844504
17402,0.04897959183673469
17403,0.8614020950846092
17404,0.034284450342844504
17405,0.8614020950846092
17406,0.034284450342844504
17407,0.034284450342844504
17408,0.4314868804664723
17409,0.05191256830601093
17410,0.041044776119402986
17411,0.034284450342844504
17412,0.6792079207920793
17413,0.18281535648994515
17414,0.4314868804664723
17415,0.6792079207920793
17416,0.034284450342844504
17417,0.041044776119402986
17418,0.8184991273996509
17419,0.6701030927835051
17420,0.034284450342844504
17421,0.9686847599164927
17422,0.041044776119402986
17423,0.034284450342844504
17424,0.8614020950846092
17425,0.034284450342844504
17426,0.4314868804664723
17427,0.034284450342844504
17428,0.034284450342844504
17429,0.6792079207920793
17430,0.034284450342844504
17431,0.11702127659574468
17432,0.3088235294117647
17433,0.9983552631578947
17434,0.034284450342844504
17435,0.041044776119402986
17436,0.9686847599164927
17437,0.9686847599164927
17438,0.04897959183673469
17439,0.034284450342844504
17440,0.041044776119402986
17441,0.034284450342844504
17442,0.034284450342844504
17443,0.2482758620689655
17444,0.034284450342844504
17445,0.034284450342844504
17446,0.9686847599164927
17447,0.034284450342844504
17448,0.04897959183673469
17449,0.9686847599164927
17450,0.034284450342844504
17451,0.034284450342844504
17452,0.034284450342844504
17453,0.18281535648994515
17454,0.927007299270073
17455,0.2482758620689655
17456,0.034284450342844504
17457,0.034284450342844504
17458,0.034284450342844504
17459,0.6792079207920793
17460,0.05191256830601093
17461,0.425
17462,0.927007299270073
17463,0.034284450342844504
17464,0.9686847599164927
17465,0.034284450342844504
17466,0.05191256830601093
17467,0.04897959183673469
17468,0.034284450342844504
17469,0.034284450342844504
17470,0.5929824561403508
17471,0.927007299270073
17472,0.034284450342844504
17473,0.034284450342844504
17474,0.041044776119402986
17475,0.8614020950846092
17476,0.034284450342844504
17477,0.041044776119402986
17478,0.034284450342844504
17479,0.39357429718875503
17480,0.034284450342844504
17481,0.034284450342844504
17482,0.034284450342844504
17483,0.6792079207920793
17484,0.11702127659574468
17485,0.034284450342844504
17486,0.7369439071566731
17487,0.034284450342844504
17488,0.034284450342844504
17489,0.9686847599164927
17490,0.927007299270073
17491,0.041044776119402986
17492,0.04897959183673469
17493,0.034284450342844504
17494,0.034284450342844504
17495,0.2482758620689655
17496,0.034284450342844504
17497,0.7369439071566731
17498,0.034284450342844504
17499,0.8614020950846092
17500,0.034284450342844504
17501,0.034284450342844504
17502,0.9686847599164927
17503,0.034284450342844504
17504,0.034284450342844504
17505,0.9983552631578947
17506,0.034284450342844504
17507,0.7369439071566731
17508,0.927007299270073
17509,0.034284450342844504
17510,0.8614020950846092
17511,0.3088235294117647
17512,0.8184991273996509
17513,0.1092436974789916
17514,0.7369439071566731
17515,0.034284450342844504
17516,0.2482758620689655
17517,0.927007299270073
17518,0.04897959183673469
17519,0.6792079207920793
17520,0.5929824561403508
17521,0.8614020950846092
17522,0.034284450342844504
17523,0.11702127659574468
17524,0.034284450342844504
17525,0.05191256830601093
17526,0.034284450342844504
17527,0.04897959183673469
17528,0.034284450342844504
17529,0.9686847599164927
17530,0.2482758620689655
17531,0.034284450342844504
17532,0.9686847599164927
17533,0.034284450342844504
17534,0.3088235294117647
17535,0.04897959183673469
17536,0.034284450342844504
17537,0.034284450342844504
17538,0.034284450342844504
17539,0.05191256830601093
17540,0.9686847599164927
17541,0.8614020950846092
17542,0.034284450342844504
17543,0.034284450342844504
17544,0.034284450342844504
17545,0.9686847599164927
17546,0.2482758620689655
17547,0.39357429718875503
17548,0.6792079207920793
17549,0.8614020950846092
17550,0.9983552631578947
17551,0.3872832369942196
17552,0.034284450342844504
17553,0.3088235294117647
17554,0.9686847599164927
17555,0.1092436974789916
17556,0.04897959183673469
17557,0.18281535648994515
17558,0.041044776119402986
17559,0.05191256830601093
17560,0.18281535648994515
17561,0.034284450342844504
17562,0.425
17563,0.7369439071566731
17564,0.034284450342844504
17565,0.034284450342844504
17566,0.034284450342844504
17567,0.3872832369942196
17568,0.034284450342844504
17569,0.041044776119402986
17570,0.034284450342844504
17571,0.034284450342844504
17572,0.034284450342844504
17573,0.05191256830601093
17574,0.29591836734693877
17575,0.7369439071566731
17576,0.18281535648994515
17577,0.6870748299319728
17578,0.927007299270073
17579,0.034284450342844504
17580,0.8614020950846092
17581,0.6792079207920793
17582,0.034284450342844504
17583,0.034284450342844504
17584,0.05191256830601093
17585,0.04897959183673469
17586,0.04897959183673469
17587,0.05191256830601093
17588,0.034284450342844504
17589,0.04897959183673469
17590,0.425
17591,0.927007299270073
17592,0.05191256830601093
17593,0.8184991273996509
17594,0.034284450342844504
17595,0.29591836734693877
17596,0.034284450342844504
17597,0.11702127659574468
17598,0.2482758620689655
17599,0.8614020950846092
17600,0.04897959183673469
17601,0.8184991273996509
17602,0.39357429718875503
17603,0.18281535648994515
17604,0.034284450342844504
17605,0.034284450342844504
17606,0.034284450342844504
17607,0.034284450342844504
17608,0.425
17609,0.9686847599164927
17610,0.034284450342844504
17611,0.6792079207920793
17612,0.034284450342844504
17613,0.7369439071566731
17614,0.034284450342844504
17615,0.6701030927835051
17616,0.29591836734693877
17617,0.3088235294117647
17618,0.034284450342844504
17619,0.9686847599164927
17620,0.034284450342844504
17621,0.034284450342844504
17622,0.034284450342844504
17623,0.034284450342844504
17624,0.05191256830601093
17625,0.9686847599164927
17626,0.3088235294117647
17627,0.9686847599164927
17628,0.034284450342844504
17629,0.2482758620689655
17630,0.7369439071566731
17631,0.034284450342844504
17632,0.9686847599164927
17633,0.034284450342844504
17634,0.9686847599164927
17635,0.041044776119402986
17636,0.18281535648994515
17637,0.9686847599164927
17638,0.45454545454545453
17639,0.034284450342844504
17640,0.29591836734693877
17641,0.034284450342844504
17642,0.48484848484848486
17643,0.034284450342844504
17644,0.034284450342844504
17645,0.034284450342844504
17646,0.36936936936936937
17647,0.7369439071566731
17648,0.927007299270073
17649,0.034284450342844504
17650,0.034284450342844504
17651,0.36936936936936937
17652,0.9983552631578947
17653,0.034284450342844504
17654,0.3088235294117647
17655,0.18281535648994515
17656,0.034284450342844504
17657,0.18281535648994515
17658,0.05191256830601093
17659,0.9686847599164927
17660,0.04897959183673469
17661,0.041044776119402986
17662,0.11702127659574468
17663,0.39357429718875503
17664,0.3088235294117647
17665,0.041044776119402986
17666,0.034284450342844504
17667,0.3088235294117647
17668,0.034284450342844504
17669,0.11702127659574468
17670,0.034284450342844504
17671,0.034284450342844504
17672,0.05191256830601093
17673,0.034284450342844504
17674,0.034284450342844504
17675,0.11702127659574468
17676,0.9038461538461539
17677,0.034284450342844504
17678,0.034284450342844504
17679,0.034284450342844504
17680,0.034284450342844504
17681,0.45454545454545453
17682,0.9686847599164927
17683,0.034284450342844504
17684,0.9686847599164927
17685,0.04897959183673469
17686,0.2482758620689655
17687,0.425
17688,0.034284450342844504
17689,0.04897959183673469
17690,0.034284450342844504
17691,0.034284450342844504
17692,0.041044776119402986
17693,0.4314868804664723
17694,0.034284450342844504
17695,0.9686847599164927
17696,0.18281535648994515
17697,0.034284450342844504
17698,0.6701030927835051
17699,0.034284450342844504
17700,0.034284450342844504
17701,0.05191256830601093
17702,0.11702127659574468
17703,0.8184991273996509
17704,0.034284450342844504
17705,0.034284450342844504
17706,0.9983552631578947
17707,0.034284450342844504
17708,0.034284450342844504
17709,0.034284450342844504
17710,0.034284450342844504
17711,0.041044776119402986
17712,0.18281535648994515
17713,0.034284450342844504
17714,0.04897959183673469
17715,0.05191256830601093
17716,0.034284450342844504
17717,0.3088235294117647
17718,0.4314868804664723
17719,0.4314868804664723
17720,0.8614020950846092
17721,0.3088235294117647
17722,0.034284450342844504
17723,0.034284450342844504
17724,0.18281535648994515
17725,0.9686847599164927
17726,0.9686847599164927
17727,0.8614020950846092
17728,0.3088235294117647
17729,0.041044776119402986
17730,0.7369439071566731
17731,0.5929824561403508
17732,0.034284450342844504
17733,0.05
17734,0.8614020950846092
17735,0.6792079207920793
17736,0.034284450342844504
17737,0.1092436974789916
17738,0.425
17739,0.034284450342844504
17740,0.18281535648994515
17741,0.034284450342844504
17742,0.3088235294117647
17743,0.034284450342844504
17744,0.05191256830601093
17745,0.034284450342844504
17746,0.39357429718875503
17747,0.425
17748,0.041044776119402986
17749,0.034284450342844504
17750,0.034284450342844504
17751,0.034284450342844504
17752,0.041044776119402986
17753,0.8614020950846092
17754,0.29591836734693877
17755,0.034284450342844504
17756,0.5929824561403508
17757,0.8184991273996509
17758,0.034284450342844504
17759,0.48484848484848486
17760,0.45161290322580644
17761,0.041044776119402986
17762,0.034284450342844504
17763,0.034284450342844504
17764,0.6792079207920793
17765,0.9686847599164927
17766,0.3088235294117647
17767,0.9686847599164927
17768,0.927007299270073
17769,0.9686847599164927
17770,0.034284450342844504
17771,0.18281535648994515
17772,0.2482758620689655
17773,0.034284450342844504
17774,0.39357429718875503
17775,0.7369439071566731
17776,0.425
17777,0.034284450342844504
17778,0.034284450342844504
17779,0.8614020950846092
17780,0.034284450342844504
17781,0.8614020950846092
17782,0.04897959183673469
17783,0.034284450342844504
17784,0.041044776119402986
17785,0.034284450342844504
17786,0.041044776119402986
17787,0.9686847599164927
17788,0.18281535648994515
17789,0.1092436974789916
17790,0.2482758620689655
17791,0.1092436974789916
17792,0.2482758620689655
17793,0.927007299270073
17794,0.05191256830601093
17795,0.034284450342844504
17796,0.041044776119402986
17797,0.9686847599164927
17798,0.927007299270073
17799,0.034284450342844504
17800,0.1092436974789916
17801,0.6792079207920793
17802,0.05191256830601093
17803,0.04897959183673469
17804,0.034284450342844504
17805,0.05191256830601093
17806,0.8614020950846092
17807,0.034284450342844504
17808,0.034284450342844504
17809,0.927007299270073
17810,0.034284450342844504
17811,0.9983552631578947
17812,0.034284450342844504
17813,0.034284450342844504
17814,0.034284450342844504
17815,0.2482758620689655
17816,0.3872832369942196
17817,0.034284450342844504
17818,0.034284450342844504
17819,0.7369439071566731
17820,0.11702127659574468
17821,0.8184991273996509
17822,0.034284450342844504
17823,0.9515151515151515
17824,0.034284450342844504
17825,0.11702127659574468
17826,0.041044776119402986
17827,0.05191256830601093
17828,0.034284450342844504
17829,0.034284450342844504
17830,0.4314868804664723
17831,0.18281535648994515
17832,0.034284450342844504
17833,0.927007299270073
17834,0.034284450342844504
17835,0.9686847599164927
17836,0.18281535648994515
17837,0.8614020950846092
17838,0.9686847599164927
17839,0.36936936936936937
17840,0.034284450342844504
17841,0.3872832369942196
17842,0.05191256830601093
17843,0.425
17844,0.4314868804664723
17845,0.6792079207920793
17846,0.034284450342844504
17847,0.05191256830601093
17848,0.034284450342844504
17849,0.9686847599164927
17850,0.9038461538461539
17851,0.041044776119402986
17852,0.034284450342844504
17853,0.05191256830601093
17854,0.041044776119402986
17855,0.041044776119402986
17856,0.8184991273996509
17857,0.4314868804664723
17858,0.034284450342844504
17859,0.034284450342844504
17860,0.927007299270073
17861,0.2482758620689655
17862,0.9686847599164927
17863,0.041044776119402986
17864,0.04897959183673469
17865,0.9686847599164927
17866,0.05
17867,0.9686847599164927
17868,0.034284450342844504
17869,0.034284450342844504
17870,0.034284450342844504
17871,0.041044776119402986
17872,0.034284450342844504
17873,0.034284450342844504
17874,0.8614020950846092
17875,0.18281535648994515
17876,0.11702127659574468
17877,0.6792079207920793
17878,0.034284450342844504
17879,0.034284450342844504
17880,0.034284450342844504
17881,0.04897959183673469
17882,0.041044776119402986
17883,0.3088235294117647
17884,0.11702127659574468
17885,0.8614020950846092
17886,0.05191256830601093
17887,0.034284450342844504
17888,0.927007299270073
17889,0.9686847599164927
17890,0.05191256830601093
17891,0.034284450342844504
17892,0.7369439071566731
17893,0.9686847599164927
17894,0.9038461538461539
17895,0.5929824561403508
17896,0.3872832369942196
17897,0.2482758620689655
17898,0.7369439071566731
17899,0.034284450342844504
17900,0.04897959183673469
17901,0.034284450342844504
17902,0.11702127659574468
17903,0.034284450342844504
17904,0.36936936936936937
17905,0.9686847599164927
17906,0.034284450342844504
17907,0.034284450342844504
17908,0.9686847599164927
17909,0.041044776119402986
17910,0.05
17911,0.6870748299319728
17912,0.8614020950846092
17913,0.034284450342844504
17914,0.927007299270073
17915,0.034284450342844504
17916,0.034284450342844504
17917,0.05191256830601093
17918,0.034284450342844504
17919,0.034284450342844504
17920,0.034284450342844504
17921,0.18281535648994515
17922,0.29591836734693877
17923,0.034284450342844504
17924,0.36936936936936937
17925,0.18281535648994515
17926,0.034284450342844504
17927,0.034284450342844504
17928,0.18281535648994515
17929,0.05
17930,0.8184991273996509
17931,0.8614020950846092
17932,0.8184991273996509
17933,0.034284450342844504
17934,0.034284450342844504
17935,0.927007299270073
17936,0.034284450342844504
17937,0.8184991273996509
17938,0.041044776119402986
17939,0.3088235294117647
17940,0.1092436974789916
17941,0.3088235294117647
17942,0.034284450342844504
17943,0.3088235294117647
17944,0.9686847599164927
17945,0.7369439071566731
17946,0.034284450342844504
17947,0.2482758620689655
17948,0.8614020950846092
17949,0.034284450342844504
17950,0.05191256830601093
17951,0.3088235294117647
17952,0.034284450342844504
17953,0.7369439071566731
17954,0.11702127659574468
17955,0.034284450342844504
17956,0.034284450342844504
17957,0.18281535648994515
17958,0.45161290322580644
17959,0.9983552631578947
17960,0.9983552631578947
17961,0.034284450342844504
17962,0.034284450342844504
17963,0.9686847599164927
17964,0.034284450342844504
17965,0.034284450342844504
17966,0.45161290322580644
17967,0.2482758620689655
17968,0.04897959183673469
17969,0.034284450342844504
17970,0.4314868804664723
17971,0.034284450342844504
17972,0.5929824561403508
17973,0.18281535648994515
17974,0.04897959183673469
17975,0.034284450342844504
17976,0.034284450342844504
17977,0.04897959183673469
17978,0.034284450342844504
17979,0.18281535648994515
17980,0.034284450342844504
17981,0.8184991273996509
17982,0.034284450342844504
17983,0.034284450342844504
17984,0.04897959183673469
17985,0.7369439071566731
17986,0.034284450342844504
17987,0.18281535648994515
17988,0.18281535648994515
17989,0.034284450342844504
17990,0.034284450342844504
17991,0.034284450342844504
17992,0.04897959183673469
17993,0.6792079207920793
17994,0.034284450342844504
17995,0.034284450342844504
17996,0.29591836734693877
17997,0.29591836734693877
17998,0.034284450342844504
17999,0.9686847599164927
18000,0.034284450342844504
18001,0.927007299270073
18002,0.8614020950846092
18003,0.034284450342844504
18004,0.034284450342844504
18005,0.8614020950846092
18006,0.7369439071566731
18007,0.034284450342844504
18008,0.29591836734693877
18009,0.034284450342844504
18010,0.3088235294117647
18011,0.034284450342844504
18012,0.034284450342844504
18013,0.29591836734693877
18014,0.041044776119402986
18015,0.034284450342844504
18016,0.18281535648994515
18017,0.034284450342844504
18018,0.2482758620689655
18019,0.4314868804664723
18020,0.034284450342844504
18021,0.927007299270073
18022,0.7369439071566731
18023,0.4314868804664723
18024,0.9686847599164927
18025,0.05191256830601093
18026,0.6792079207920793
18027,0.11702127659574468
18028,0.05191256830601093
18029,0.9515151515151515
18030,0.18281535648994515
18031,0.04897959183673469
18032,0.034284450342844504
18033,0.8184991273996509
18034,0.1092436974789916
18035,0.4314868804664723
18036,0.034284450342844504
18037,0.18281535648994515
18038,0.034284450342844504
18039,0.4314868804664723
18040,0.18281535648994515
18041,0.425
18042,0.9686847599164927
18043,0.034284450342844504
18044,0.041044776119402986
18045,0.034284450342844504
18046,0.041044776119402986
18047,0.1092436974789916
18048,0.034284450342844504
18049,0.04897959183673469
18050,0.6701030927835051
18051,0.04897959183673469
18052,0.034284450342844504
18053,0.9686847599164927
18054,0.04897959183673469
18055,0.8184991273996509
18056,0.034284450342844504
18057,0.034284450342844504
18058,0.034284450342844504
18059,0.425
18060,0.3088235294117647
18061,0.034284450342844504
18062,0.18281535648994515
18063,0.041044776119402986
18064,0.041044776119402986
18065,0.927007299270073
18066,0.04897959183673469
18067,0.3872832369942196
18068,0.034284450342844504
18069,0.034284450342844504
18070,0.3088235294117647
18071,0.034284450342844504
18072,0.9686847599164927
18073,0.9686847599164927
18074,0.034284450342844504
18075,0.034284450342844504
18076,0.034284450342844504
18077,0.04897959183673469
18078,0.034284450342844504
18079,0.034284450342844504
18080,0.034284450342844504
18081,0.18281535648994515
18082,0.041044776119402986
18083,0.034284450342844504
18084,0.8184991273996509
18085,0.04897959183673469
18086,0.9686847599164927
18087,0.8614020950846092
18088,0.954248366013072
18089,0.034284450342844504
18090,0.034284450342844504
18091,0.9686847599164927
18092,0.6792079207920793
18093,0.05191256830601093
18094,0.45454545454545453
18095,0.041044776119402986
18096,0.034284450342844504
18097,0.034284450342844504
18098,0.034284450342844504
18099,0.11702127659574468
18100,0.7369439071566731
18101,0.9983552631578947
18102,0.034284450342844504
18103,0.39357429718875503
18104,0.034284450342844504
18105,0.034284450342844504
18106,0.927007299270073
18107,0.034284450342844504
18108,0.034284450342844504
18109,0.5929824561403508
18110,0.11702127659574468
18111,0.29591836734693877
18112,0.2482758620689655
18113,0.034284450342844504
18114,0.034284450342844504
18115,0.2482758620689655
18116,0.034284450342844504
18117,0.034284450342844504
18118,0.04897959183673469
18119,0.034284450342844504
18120,0.034284450342844504
18121,0.034284450342844504
18122,0.034284450342844504
18123,0.034284450342844504
18124,0.425
18125,0.11702127659574468
18126,0.041044776119402986
18127,0.7369439071566731
18128,0.034284450342844504
18129,0.034284450342844504
18130,0.3088235294117647
18131,0.034284450342844504
18132,0.034284450342844504
18133,0.034284450342844504
18134,0.034284450342844504
18135,0.034284450342844504
18136,0.9686847599164927
18137,0.9686847599164927
18138,0.18281535648994515
18139,0.04897959183673469
18140,0.6792079207920793
18141,0.034284450342844504
18142,0.034284450342844504
18143,0.9686847599164927
18144,0.034284450342844504
18145,0.034284450342844504
18146,0.6792079207920793
18147,0.034284450342844504
18148,0.6792079207920793
18149,0.034284450342844504
18150,0.034284450342844504
18151,0.2482758620689655
18152,0.034284450342844504
18153,0.034284450342844504
18154,0.034284450342844504
18155,0.8614020950846092
18156,0.034284450342844504
18157,0.3088235294117647
18158,0.9686847599164927
18159,0.041044776119402986
18160,0.927007299270073
18161,0.034284450342844504
18162,0.034284450342844504
18163,0.034284450342844504
18164,0.8184991273996509
18165,0.041044776119402986
18166,0.05
18167,0.927007299270073
18168,0.5929824561403508
18169,0.04897959183673469
18170,0.9686847599164927
18171,0.9686847599164927
18172,0.3088235294117647
18173,0.034284450342844504
18174,0.041044776119402986
18175,0.18281535648994515
18176,0.9686847599164927
18177,0.8184991273996509
18178,0.11702127659574468
18179,0.3088235294117647
18180,0.9983552631578947
18181,0.3088235294117647
18182,0.034284450342844504
18183,0.2482758620689655
18184,0.034284450342844504
18185,0.6870748299319728
18186,0.034284450342844504
18187,0.034284450342844504
18188,0.954248366013072
18189,0.3088235294117647
18190,0.9686847599164927
18191,0.034284450342844504
18192,0.927007299270073
18193,0.034284450342844504
18194,0.034284450342844504
18195,0.9686847599164927
18196,0.034284450342844504
18197,0.034284450342844504
18198,0.9686847599164927
18199,0.034284450342844504
18200,0.6792079207920793
18201,0.8614020950846092
18202,0.8184991273996509
18203,0.6792079207920793
18204,0.11702127659574468
18205,0.05191256830601093
18206,0.4314868804664723
18207,0.425
18208,0.18281535648994515
18209,0.034284450342844504
18210,0.034284450342844504
18211,0.2482758620689655
18212,0.034284450342844504
18213,0.5929824561403508
18214,0.9983552631578947
18215,0.034284450342844504
18216,0.6792079207920793
18217,0.927007299270073
18218,0.4314868804664723
18219,0.034284450342844504
18220,0.927007299270073
18221,0.3088235294117647
18222,0.034284450342844504
18223,0.8614020950846092
18224,0.9686847599164927
18225,0.05191256830601093
18226,0.8184991273996509
18227,0.034284450342844504
18228,0.034284450342844504
18229,0.9686847599164927
18230,0.034284450342844504
18231,0.9686847599164927
18232,0.9686847599164927
18233,0.4314868804664723
18234,0.9686847599164927
18235,0.927007299270073
18236,0.034284450342844504
18237,0.39357429718875503
18238,0.034284450342844504
18239,0.041044776119402986
18240,0.3088235294117647
18241,0.8614020950846092
18242,0.034284450342844504
18243,0.3088235294117647
18244,0.9038461538461539
18245,0.041044776119402986
18246,0.18281535648994515
18247,0.3088235294117647
18248,0.7369439071566731
18249,0.18281535648994515
18250,0.034284450342844504
18251,0.034284450342844504
18252,0.034284450342844504
18253,0.8614020950846092
18254,0.6701030927835051
18255,0.9686847599164927
18256,0.034284450342844504
18257,0.034284450342844504
18258,0.36936936936936937
18259,0.034284450342844504
18260,0.034284450342844504
18261,0.034284450342844504
18262,0.041044776119402986
18263,0.3088235294117647
18264,0.034284450342844504
18265,0.9686847599164927
18266,0.8614020950846092
18267,0.6792079207920793
18268,0.034284450342844504
18269,0.9983552631578947
18270,0.6792079207920793
18271,0.18281535648994515
18272,0.6792079207920793
18273,0.034284450342844504
18274,0.034284450342844504
18275,0.034284450342844504
18276,0.9686847599164927
18277,0.034284450342844504
18278,0.034284450342844504
18279,0.034284450342844504
18280,0.18281535648994515
18281,0.2482758620689655
18282,0.034284450342844504
18283,0.4314868804664723
18284,0.04897959183673469
18285,0.034284450342844504
18286,0.3088235294117647
18287,0.034284450342844504
18288,0.18281535648994515
18289,0.6792079207920793
18290,0.034284450342844504
18291,0.034284450342844504
18292,0.11702127659574468
18293,0.11702127659574468
18294,0.05191256830601093
18295,0.2482758620689655
18296,0.9686847599164927
18297,0.034284450342844504
18298,0.034284450342844504
18299,0.4314868804664723
18300,0.1092436974789916
18301,0.034284450342844504
18302,0.8614020950846092
18303,0.04897959183673469
18304,0.034284450342844504
18305,0.8614020950846092
18306,0.18281535648994515
18307,0.041044776119402986
18308,0.9686847599164927
18309,0.034284450342844504
18310,0.04897959183673469
18311,0.18281535648994515
18312,0.034284450342844504
18313,0.034284450342844504
18314,0.1092436974789916
18315,0.1092436974789916
18316,0.034284450342844504
18317,0.11702127659574468
18318,0.034284450342844504
18319,0.034284450342844504
18320,0.05191256830601093
18321,0.4314868804664723
18322,0.8614020950846092
18323,0.034284450342844504
18324,0.8614020950846092
18325,0.9983552631578947
18326,0.2482758620689655
18327,0.041044776119402986
18328,0.034284450342844504
18329,0.1092436974789916
18330,0.034284450342844504
18331,0.6701030927835051
18332,0.034284450342844504
18333,0.11702127659574468
18334,0.034284450342844504
18335,0.2482758620689655
18336,0.041044776119402986
18337,0.9686847599164927
18338,0.034284450342844504
18339,0.034284450342844504
18340,0.39357429718875503
18341,0.034284450342844504
18342,0.05
18343,0.034284450342844504
18344,0.9983552631578947
18345,0.9686847599164927
18346,0.034284450342844504
18347,0.034284450342844504
18348,0.034284450342844504
18349,0.04897959183673469
18350,0.8184991273996509
18351,0.034284450342844504
18352,0.2482758620689655
18353,0.034284450342844504
18354,0.034284450342844504
18355,0.034284450342844504
18356,0.11702127659574468
18357,0.927007299270073
18358,0.3088235294117647
18359,0.034284450342844504
18360,0.18281535648994515
18361,0.9686847599164927
18362,0.034284450342844504
18363,0.034284450342844504
18364,0.8614020950846092
18365,0.9686847599164927
18366,0.9686847599164927
18367,0.034284450342844504
18368,0.034284450342844504
18369,0.05191256830601093
18370,0.3088235294117647
18371,0.9686847599164927
18372,0.034284450342844504
18373,0.041044776119402986
18374,0.034284450342844504
18375,0.4314868804664723
18376,0.041044776119402986
18377,0.034284450342844504
18378,0.3088235294117647
18379,0.034284450342844504
18380,0.8184991273996509
18381,0.9686847599164927
18382,0.2482758620689655
18383,0.7369439071566731
18384,0.034284450342844504
18385,0.034284450342844504
18386,0.9686847599164927
18387,0.927007299270073
18388,0.6792079207920793
18389,0.034284450342844504
18390,0.39357429718875503
18391,0.8184991273996509
18392,0.3088235294117647
18393,0.3872832369942196
18394,0.18281535648994515
18395,0.39357429718875503
18396,0.8184991273996509
18397,0.034284450342844504
18398,0.9686847599164927
18399,0.3088235294117647
18400,0.3088235294117647
18401,0.034284450342844504
18402,0.927007299270073
18403,0.9038461538461539
18404,0.034284450342844504
18405,0.11702127659574468
18406,0.9515151515151515
18407,0.034284450342844504
18408,0.927007299270073
18409,0.034284450342844504
18410,0.034284450342844504
18411,0.034284450342844504
18412,0.034284450342844504
18413,0.9983552631578947
18414,0.29591836734693877
18415,0.034284450342844504
18416,0.11702127659574468
18417,0.034284450342844504
18418,0.9983552631578947
18419,0.7369439071566731
18420,0.034284450342844504
18421,0.9686847599164927
18422,0.034284450342844504
18423,0.2482758620689655
18424,0.8614020950846092
18425,0.9983552631578947
18426,0.1092436974789916
18427,0.9686847599164927
18428,0.034284450342844504
18429,0.18281535648994515
18430,0.9686847599164927
18431,0.034284450342844504
18432,0.034284450342844504
18433,0.041044776119402986
18434,0.034284450342844504
18435,0.4314868804664723
18436,0.39357429718875503
18437,0.034284450342844504
18438,0.11702127659574468
18439,0.034284450342844504
18440,0.29591836734693877
18441,0.3088235294117647
18442,0.05
18443,0.041044776119402986
18444,0.18281535648994515
18445,0.9686847599164927
18446,0.9686847599164927
18447,0.034284450342844504
18448,0.8614020950846092
18449,0.04897959183673469
18450,0.2482758620689655
18451,0.034284450342844504
18452,0.9686847599164927
18453,0.034284450342844504
18454,0.9686847599164927
18455,0.2482758620689655
18456,0.041044776119402986
18457,0.041044776119402986
18458,0.9686847599164927
18459,0.927007299270073
18460,0.18281535648994515
18461,0.2482758620689655
18462,0.041044776119402986
18463,0.04897959183673469
18464,0.034284450342844504
18465,0.034284450342844504
18466,0.041044776119402986
18467,0.18281535648994515
18468,0.6792079207920793
18469,0.034284450342844504
18470,0.8614020950846092
18471,0.9686847599164927
18472,0.034284450342844504
18473,0.04897959183673469
18474,0.034284450342844504
18475,0.034284450342844504
18476,0.4314868804664723
18477,0.034284450342844504
18478,0.9686847599164927
18479,0.04897959183673469
18480,0.9686847599164927
18481,0.05191256830601093
18482,0.9686847599164927
18483,0.034284450342844504
18484,0.2482758620689655
18485,0.9686847599164927
18486,0.041044776119402986
18487,0.034284450342844504
18488,0.9686847599164927
18489,0.034284450342844504
18490,0.05191256830601093
18491,0.034284450342844504
18492,0.9686847599164927
18493,0.36936936936936937
18494,0.8184991273996509
18495,0.9686847599164927
18496,0.425
18497,0.034284450342844504
18498,0.8614020950846092
18499,0.034284450342844504
18500,0.927007299270073
18501,0.8614020950846092
18502,0.11702127659574468
18503,0.034284450342844504
18504,0.034284450342844504
18505,0.034284450342844504
18506,0.05191256830601093
18507,0.041044776119402986
18508,0.034284450342844504
18509,0.034284450342844504
18510,0.3872832369942196
18511,0.034284450342844504
18512,0.041044776119402986
18513,0.9686847599164927
18514,0.034284450342844504
18515,0.05191256830601093
18516,0.041044776119402986
18517,0.034284450342844504
18518,0.18281535648994515
18519,0.034284450342844504
18520,0.034284450342844504
18521,0.034284450342844504
18522,0.034284450342844504
18523,0.034284450342844504
18524,0.034284450342844504
18525,0.05191256830601093
18526,0.3088235294117647
18527,0.9686847599164927
18528,0.034284450342844504
18529,0.034284450342844504
18530,0.034284450342844504
18531,0.034284450342844504
18532,0.18281535648994515
18533,0.034284450342844504
18534,0.4314868804664723
18535,0.034284450342844504
18536,0.034284450342844504
18537,0.954248366013072
18538,0.6792079207920793
18539,0.034284450342844504
18540,0.6792079207920793
18541,0.034284450342844504
18542,0.3088235294117647
18543,0.034284450342844504
18544,0.05191256830601093
18545,0.034284450342844504
18546,0.3088235294117647
18547,0.3088235294117647
18548,0.9686847599164927
18549,0.9686847599164927
18550,0.9983552631578947
18551,0.041044776119402986
18552,0.8184991273996509
18553,0.7369439071566731
18554,0.3088235294117647
18555,0.11702127659574468
18556,0.034284450342844504
18557,0.034284450342844504
18558,0.05191256830601093
18559,0.9686847599164927
18560,0.5929824561403508
18561,0.05191256830601093
18562,0.8614020950846092
18563,0.05191256830601093
18564,0.9686847599164927
18565,0.034284450342844504
18566,0.034284450342844504
18567,0.18281535648994515
18568,0.034284450342844504
18569,0.034284450342844504
18570,0.8614020950846092
18571,0.034284450342844504
18572,0.034284450342844504
18573,0.04897959183673469
18574,0.425
18575,0.034284450342844504
18576,0.034284450342844504
18577,0.18281535648994515
18578,0.034284450342844504
18579,0.2482758620689655
18580,0.3088235294117647
18581,0.034284450342844504
18582,0.29591836734693877
18583,0.05191256830601093
18584,0.3872832369942196
18585,0.041044776119402986
18586,0.05191256830601093
18587,0.034284450342844504
18588,0.6792079207920793
18589,0.034284450342844504
18590,0.034284450342844504
18591,0.927007299270073
18592,0.6792079207920793
18593,0.11702127659574468
18594,0.034284450342844504
18595,0.9686847599164927
18596,0.45161290322580644
18597,0.29591836734693877
18598,0.8184991273996509
18599,0.45454545454545453
18600,0.8614020950846092
18601,0.034284450342844504
18602,0.034284450342844504
18603,0.034284450342844504
18604,0.7369439071566731
18605,0.034284450342844504
18606,0.2482758620689655
18607,0.04897959183673469
18608,0.8614020950846092
18609,0.6701030927835051
18610,0.45161290322580644
18611,0.034284450342844504
18612,0.04897959183673469
18613,0.9686847599164927
18614,0.034284450342844504
18615,0.8614020950846092
18616,0.034284450342844504
18617,0.9686847599164927
18618,0.05191256830601093
18619,0.034284450342844504
18620,0.034284450342844504
18621,0.034284450342844504
18622,0.041044776119402986
18623,0.04897959183673469
18624,0.034284450342844504
18625,0.04897959183673469
18626,0.034284450342844504
18627,0.4314868804664723
18628,0.034284450342844504
18629,0.18281535648994515
18630,0.2482758620689655
18631,0.7369439071566731
18632,0.18281535648994515
18633,0.041044776119402986
18634,0.9686847599164927
18635,0.034284450342844504
18636,0.3088235294117647
18637,0.8184991273996509
18638,0.034284450342844504
18639,0.2482758620689655
18640,0.6701030927835051
18641,0.034284450342844504
18642,0.45454545454545453
18643,0.034284450342844504
18644,0.034284450342844504
18645,0.034284450342844504
18646,0.8614020950846092
18647,0.034284450342844504
18648,0.034284450342844504
18649,0.034284450342844504
18650,0.3088235294117647
18651,0.2482758620689655
18652,0.034284450342844504
18653,0.034284450342844504
18654,0.5929824561403508
18655,0.034284450342844504
18656,0.034284450342844504
18657,0.034284450342844504
18658,0.041044776119402986
18659,0.3088235294117647
18660,0.034284450342844504
18661,0.034284450342844504
18662,0.034284450342844504
18663,0.4314868804664723
18664,0.18281535648994515
18665,0.11702127659574468
18666,0.3088235294117647
18667,0.034284450342844504
18668,0.034284450342844504
18669,0.034284450342844504
18670,0.4314868804664723
18671,0.034284450342844504
18672,0.9686847599164927
18673,0.6792079207920793
18674,0.034284450342844504
18675,0.927007299270073
18676,0.034284450342844504
18677,0.034284450342844504
18678,0.034284450342844504
18679,0.041044776119402986
18680,0.927007299270073
18681,0.2482758620689655
18682,0.05
18683,0.04897959183673469
18684,0.9686847599164927
18685,0.034284450342844504
18686,0.6792079207920793
18687,0.9686847599164927
18688,0.04897959183673469
18689,0.05
18690,0.034284450342844504
18691,0.04897959183673469
18692,0.04897959183673469
18693,0.8614020950846092
18694,0.3088235294117647
18695,0.9983552631578947
18696,0.39357429718875503
18697,0.8614020950846092
18698,0.9686847599164927
18699,0.034284450342844504
18700,0.034284450342844504
18701,0.1092436974789916
18702,0.45161290322580644
18703,0.034284450342844504
18704,0.9686847599164927
18705,0.18281535648994515
18706,0.04897959183673469
18707,0.4314868804664723
18708,0.034284450342844504
18709,0.8614020950846092
18710,0.04897959183673469
18711,0.041044776119402986
18712,0.034284450342844504
18713,0.034284450342844504
18714,0.4314868804664723
18715,0.034284450342844504
18716,0.7369439071566731
18717,0.041044776119402986
18718,0.034284450342844504
18719,0.034284450342844504
18720,0.11702127659574468
18721,0.3088235294117647
18722,0.034284450342844504
18723,0.927007299270073
18724,0.8614020950846092
18725,0.9686847599164927
18726,0.8148148148148148
18727,0.034284450342844504
18728,0.6870748299319728
18729,0.7369439071566731
18730,0.034284450342844504
18731,0.9686847599164927
18732,0.034284450342844504
18733,0.9983552631578947
18734,0.034284450342844504
18735,0.5929824561403508
18736,0.18281535648994515
18737,0.3872832369942196
18738,0.18281535648994515
18739,0.034284450342844504
18740,0.034284450342844504
18741,0.034284450342844504
18742,0.8614020950846092
18743,0.29591836734693877
18744,0.034284450342844504
18745,0.034284450342844504
18746,0.3088235294117647
18747,0.954248366013072
18748,0.9686847599164927
18749,0.2482758620689655
18750,0.18281535648994515
18751,0.2482758620689655
18752,0.034284450342844504
18753,0.45161290322580644
18754,0.18281535648994515
18755,0.034284450342844504
18756,0.3088235294117647
18757,0.034284450342844504
18758,0.3088235294117647
18759,0.45454545454545453
18760,0.034284450342844504
18761,0.034284450342844504
18762,0.3088235294117647
18763,0.8614020950846092
18764,0.05191256830601093
18765,0.11702127659574468
18766,0.6792079207920793
18767,0.05
18768,0.041044776119402986
18769,0.034284450342844504
18770,0.034284450342844504
18771,0.034284450342844504
18772,0.1092436974789916
18773,0.3088235294117647
18774,0.36936936936936937
18775,0.034284450342844504
18776,0.034284450342844504
18777,0.041044776119402986
18778,0.034284450342844504
18779,0.034284450342844504
18780,0.041044776119402986
18781,0.034284450342844504
18782,0.034284450342844504
18783,0.8614020950846092
18784,0.9686847599164927
18785,0.05191256830601093
18786,0.034284450342844504
18787,0.041044776119402986
18788,0.3872832369942196
18789,0.927007299270073
18790,0.7369439071566731
18791,0.034284450342844504
18792,0.05191256830601093
18793,0.05191256830601093
18794,0.034284450342844504
18795,0.4314868804664723
18796,0.11702127659574468
18797,0.034284450342844504
18798,0.034284450342844504
18799,0.034284450342844504
18800,0.034284450342844504
18801,0.034284450342844504
18802,0.927007299270073
18803,0.034284450342844504
18804,0.04897959183673469
18805,0.2482758620689655
18806,0.1092436974789916
18807,0.18281535648994515
18808,0.2482758620689655
18809,0.18281535648994515
18810,0.29591836734693877
18811,0.034284450342844504
18812,0.034284450342844504
18813,0.041044776119402986
18814,0.04897959183673469
18815,0.034284450342844504
18816,0.034284450342844504
18817,0.034284450342844504
18818,0.3088235294117647
18819,0.034284450342844504
18820,0.3872832369942196
18821,0.954248366013072
18822,0.041044776119402986
18823,0.3088235294117647
18824,0.9686847599164927
18825,0.05191256830601093
18826,0.8614020950846092
18827,0.9686847599164927
18828,0.034284450342844504
18829,0.034284450342844504
18830,0.3088235294117647
18831,0.9686847599164927
18832,0.9686847599164927
18833,0.034284450342844504
18834,0.7369439071566731
18835,0.45161290322580644
18836,0.8184991273996509
18837,0.6870748299319728
18838,0.3088235294117647
18839,0.18281535648994515
18840,0.034284450342844504
18841,0.034284450342844504
18842,0.04897959183673469
18843,0.034284450342844504
18844,0.5929824561403508
18845,0.5929824561403508
18846,0.041044776119402986
18847,0.7369439071566731
18848,0.04897959183673469
18849,0.034284450342844504
18850,0.9686847599164927
18851,0.05191256830601093
18852,0.4314868804664723
18853,0.9983552631578947
18854,0.3088235294117647
18855,0.2482758620689655
18856,0.18281535648994515
18857,0.3088235294117647
18858,0.034284450342844504
18859,0.034284450342844504
18860,0.8184991273996509
18861,0.034284450342844504
18862,0.034284450342844504
18863,0.6792079207920793
18864,0.3088235294117647
18865,0.034284450342844504
18866,0.034284450342844504
18867,0.034284450342844504
18868,0.034284450342844504
18869,0.11702127659574468
18870,0.11702127659574468
18871,0.034284450342844504
18872,0.9686847599164927
18873,0.7369439071566731
18874,0.034284450342844504
18875,0.041044776119402986
18876,0.9686847599164927
18877,0.034284450342844504
18878,0.8184991273996509
18879,0.3088235294117647
18880,0.9686847599164927
18881,0.2482758620689655
18882,0.45161290322580644
18883,0.6870748299319728
18884,0.9686847599164927
18885,0.9983552631578947
18886,0.9686847599164927
18887,0.034284450342844504
18888,0.034284450342844504
18889,0.034284450342844504
18890,0.7369439071566731
18891,0.034284450342844504
18892,0.034284450342844504
18893,0.04897959183673469
18894,0.2482758620689655
18895,0.7369439071566731
18896,0.425
18897,0.2482758620689655
18898,0.034284450342844504
18899,0.041044776119402986
18900,0.18281535648994515
18901,0.36936936936936937
18902,0.034284450342844504
18903,0.034284450342844504
18904,0.18281535648994515
18905,0.034284450342844504
18906,0.2482758620689655
18907,0.034284450342844504
18908,0.034284450342844504
18909,0.9686847599164927
18910,0.45161290322580644
18911,0.39357429718875503
18912,0.6792079207920793
18913,0.18281535648994515
18914,0.4314868804664723
18915,0.425
18916,0.927007299270073
18917,0.034284450342844504
18918,0.9686847599164927
18919,0.3872832369942196
18920,0.4314868804664723
18921,0.5929824561403508
18922,0.9038461538461539
18923,0.9686847599164927
18924,0.034284450342844504
18925,0.6792079207920793
18926,0.034284450342844504
18927,0.05191256830601093
18928,0.3088235294117647
18929,0.034284450342844504
18930,0.2482758620689655
18931,0.9686847599164927
18932,0.2482758620689655
18933,0.9686847599164927
18934,0.041044776119402986
18935,0.5929824561403508
18936,0.034284450342844504
18937,0.034284450342844504
18938,0.4314868804664723
18939,0.9515151515151515
18940,0.034284450342844504
18941,0.034284450342844504
18942,0.034284450342844504
18943,0.034284450342844504
18944,0.9686847599164927
18945,0.05
18946,0.034284450342844504
18947,0.034284450342844504
18948,0.034284450342844504
18949,0.034284450342844504
18950,0.3088235294117647
18951,0.9515151515151515
18952,0.8184991273996509
18953,0.034284450342844504
18954,0.034284450342844504
18955,0.39357429718875503
18956,0.9686847599164927
18957,0.034284450342844504
18958,0.034284450342844504
18959,0.034284450342844504
18960,0.04897959183673469
18961,0.034284450342844504
18962,0.034284450342844504
18963,0.3088235294117647
18964,0.034284450342844504
18965,0.954248366013072
18966,0.2482758620689655
18967,0.8614020950846092
18968,0.9686847599164927
18969,0.29591836734693877
18970,0.927007299270073
18971,0.034284450342844504
18972,0.11702127659574468
18973,0.18281535648994515
18974,0.11702127659574468
18975,0.034284450342844504
18976,0.04897959183673469
18977,0.2482758620689655
18978,0.48484848484848486
18979,0.034284450342844504
18980,0.954248366013072
18981,0.5929824561403508
18982,0.927007299270073
18983,0.041044776119402986
18984,0.034284450342844504
18985,0.034284450342844504
18986,0.9686847599164927
18987,0.034284450342844504
18988,0.034284450342844504
18989,0.39357429718875503
18990,0.6701030927835051
18991,0.034284450342844504
18992,0.9686847599164927
18993,0.034284450342844504
18994,0.3088235294117647
18995,0.4314868804664723
18996,0.927007299270073
18997,0.8614020950846092
18998,0.3088235294117647
18999,0.8148148148148148
19000,0.3088235294117647
19001,0.18281535648994515
19002,0.034284450342844504
19003,0.034284450342844504
19004,0.9686847599164927
19005,0.3872832369942196
19006,0.7369439071566731
19007,0.034284450342844504
19008,0.9686847599164927
19009,0.2482758620689655
19010,0.034284450342844504
19011,0.05191256830601093
19012,0.034284450342844504
19013,0.034284450342844504
19014,0.927007299270073
19015,0.034284450342844504
19016,0.4314868804664723
19017,0.041044776119402986
19018,0.034284450342844504
19019,0.18281535648994515
19020,0.11702127659574468
19021,0.2482758620689655
19022,0.034284450342844504
19023,0.18281535648994515
19024,0.8614020950846092
19025,0.04897959183673469
19026,0.4314868804664723
19027,0.3088235294117647
19028,0.3872832369942196
19029,0.034284450342844504
19030,0.6792079207920793
19031,0.04897959183673469
19032,0.034284450342844504
19033,0.11702127659574468
19034,0.05191256830601093
19035,0.034284450342844504
19036,0.041044776119402986
19037,0.034284450342844504
19038,0.034284450342844504
19039,0.034284450342844504
19040,0.2482758620689655
19041,0.041044776119402986
19042,0.034284450342844504
19043,0.034284450342844504
19044,0.041044776119402986
19045,0.9686847599164927
19046,0.034284450342844504
19047,0.8614020950846092
19048,0.034284450342844504
19049,0.3872832369942196
19050,0.041044776119402986
19051,0.3088235294117647
19052,0.9983552631578947
19053,0.034284450342844504
19054,0.48484848484848486
19055,0.425
19056,0.36936936936936937
19057,0.034284450342844504
19058,0.7369439071566731
19059,0.18281535648994515
19060,0.041044776119402986
19061,0.034284450342844504
19062,0.034284450342844504
19063,0.034284450342844504
19064,0.2482758620689655
19065,0.3088235294117647
19066,0.8184991273996509
19067,0.04897959183673469
19068,0.05191256830601093
19069,0.034284450342844504
19070,0.3088235294117647
19071,0.927007299270073
19072,0.29591836734693877
19073,0.9983552631578947
19074,0.034284450342844504
19075,0.8614020950846092
19076,0.3088235294117647
19077,0.2482758620689655
19078,0.034284450342844504
19079,0.8184991273996509
19080,0.034284450342844504
19081,0.11702127659574468
19082,0.034284450342844504
19083,0.9686847599164927
19084,0.034284450342844504
19085,0.041044776119402986
19086,0.9686847599164927
19087,0.6792079207920793
19088,0.3088235294117647
19089,0.18281535648994515
19090,0.6870748299319728
19091,0.6792079207920793
19092,0.9686847599164927
19093,0.2482758620689655
19094,0.034284450342844504
19095,0.6792079207920793
19096,0.034284450342844504
19097,0.05191256830601093
19098,0.9686847599164927
19099,0.034284450342844504
19100,0.9686847599164927
19101,0.39357429718875503
19102,0.034284450342844504
19103,0.041044776119402986
19104,0.034284450342844504
19105,0.04897959183673469
19106,0.034284450342844504
19107,0.7369439071566731
19108,0.04897959183673469
19109,0.2482758620689655
19110,0.18281535648994515
19111,0.11702127659574468
19112,0.034284450342844504
19113,0.2482758620689655
19114,0.1092436974789916
19115,0.29591836734693877
19116,0.041044776119402986
19117,0.2482758620689655
19118,0.034284450342844504
19119,0.29591836734693877
19120,0.034284450342844504
19121,0.11702127659574468
19122,0.034284450342844504
19123,0.034284450342844504
19124,0.18281535648994515
19125,0.034284450342844504
19126,0.3088235294117647
19127,0.034284450342844504
19128,0.034284450342844504
19129,0.05191256830601093
19130,0.9686847599164927
19131,0.29591836734693877
19132,0.8614020950846092
19133,0.034284450342844504
19134,0.034284450342844504
19135,0.9686847599164927
19136,0.6792079207920793
19137,0.034284450342844504
19138,0.034284450342844504
19139,0.034284450342844504
19140,0.1092436974789916
19141,0.45161290322580644
19142,0.9686847599164927
19143,0.3088235294117647
19144,0.18281535648994515
19145,0.034284450342844504
19146,0.034284450342844504
19147,0.034284450342844504
19148,0.3872832369942196
19149,0.11702127659574468
19150,0.034284450342844504
19151,0.034284450342844504
19152,0.9686847599164927
19153,0.9686847599164927
19154,0.2482758620689655
19155,0.1092436974789916
19156,0.8184991273996509
19157,0.05
19158,0.034284450342844504
19159,0.4314868804664723
19160,0.9686847599164927
19161,0.6792079207920793
19162,0.18281535648994515
19163,0.05191256830601093
19164,0.18281535648994515
19165,0.034284450342844504
19166,0.034284450342844504
19167,0.041044776119402986
19168,0.927007299270073
19169,0.3088235294117647
19170,0.8614020950846092
19171,0.18281535648994515
19172,0.3088235294117647
19173,0.041044776119402986
19174,0.034284450342844504
19175,0.034284450342844504
19176,0.034284450342844504
19177,0.05191256830601093
19178,0.041044776119402986
19179,0.04897959183673469
19180,0.034284450342844504
19181,0.11702127659574468
19182,0.6792079207920793
19183,0.18281535648994515
19184,0.1092436974789916
19185,0.034284450342844504
19186,0.034284450342844504
19187,0.6701030927835051
19188,0.4314868804664723
19189,0.034284450342844504
19190,0.041044776119402986
19191,0.6792079207920793
19192,0.9038461538461539
19193,0.034284450342844504
19194,0.4314868804664723
19195,0.18281535648994515
19196,0.9983552631578947
19197,0.18281535648994515
19198,0.3088235294117647
19199,0.9686847599164927
19200,0.9686847599164927
19201,0.18281535648994515
19202,0.927007299270073
19203,0.05191256830601093
19204,0.05191256830601093
19205,0.11702127659574468
19206,0.034284450342844504
19207,0.9686847599164927
19208,0.034284450342844504
19209,0.9686847599164927
19210,0.9686847599164927
19211,0.3088235294117647
19212,0.9686847599164927
19213,0.034284450342844504
19214,0.041044776119402986
19215,0.927007299270073
19216,0.034284450342844504
19217,0.05191256830601093
19218,0.8184991273996509
19219,0.034284450342844504
19220,0.6792079207920793
19221,0.05191256830601093
19222,0.425
19223,0.034284450342844504
19224,0.3088235294117647
19225,0.8614020950846092
19226,0.8614020950846092
19227,0.45161290322580644
19228,0.034284450342844504
19229,0.18281535648994515
19230,0.3088235294117647
19231,0.034284450342844504
19232,0.11702127659574468
19233,0.034284450342844504
19234,0.04897959183673469
19235,0.034284450342844504
19236,0.034284450342844504
19237,0.4314868804664723
19238,0.034284450342844504
19239,0.034284450342844504
19240,0.034284450342844504
19241,0.04897959183673469
19242,0.034284450342844504
19243,0.9686847599164927
19244,0.041044776119402986
19245,0.3872832369942196
19246,0.034284450342844504
19247,0.8614020950846092
19248,0.034284450342844504
19249,0.034284450342844504
19250,0.4314868804664723
19251,0.034284450342844504
19252,0.034284450342844504
19253,0.034284450342844504
19254,0.034284450342844504
19255,0.05
19256,0.04897959183673469
19257,0.05191256830601093
19258,0.9686847599164927
19259,0.9686847599164927
19260,0.8614020950846092
19261,0.034284450342844504
19262,0.034284450342844504
19263,0.034284450342844504
19264,0.8614020950846092
19265,0.1092436974789916
19266,0.041044776119402986
19267,0.034284450342844504
19268,0.6792079207920793
19269,0.04897959183673469
19270,0.18281535648994515
19271,0.041044776119402986
19272,0.3088235294117647
19273,0.034284450342844504
19274,0.034284450342844504
19275,0.39357429718875503
19276,0.04897959183673469
19277,0.034284450342844504
19278,0.45454545454545453
19279,0.034284450342844504
19280,0.034284450342844504
19281,0.034284450342844504
19282,0.034284450342844504
19283,0.034284450342844504
19284,0.034284450342844504
19285,0.927007299270073
19286,0.034284450342844504
19287,0.041044776119402986
19288,0.04897959183673469
19289,0.041044776119402986
19290,0.5929824561403508
19291,0.04897959183673469
19292,0.954248366013072
19293,0.9686847599164927
19294,0.034284450342844504
19295,0.034284450342844504
19296,0.034284450342844504
19297,0.18281535648994515
19298,0.9686847599164927
19299,0.041044776119402986
19300,0.1092436974789916
19301,0.425
19302,0.1092436974789916
19303,0.18281535648994515
19304,0.9686847599164927
19305,0.4314868804664723
19306,0.041044776119402986
19307,0.04897959183673469
19308,0.4314868804664723
19309,0.3088235294117647
19310,0.034284450342844504
19311,0.45161290322580644
19312,0.3088235294117647
19313,0.1092436974789916
19314,0.8614020950846092
19315,0.041044776119402986
19316,0.8614020950846092
19317,0.3088235294117647
19318,0.3872832369942196
19319,0.5929824561403508
19320,0.034284450342844504
19321,0.3088235294117647
19322,0.39357429718875503
19323,0.3872832369942196
19324,0.034284450342844504
19325,0.04897959183673469
19326,0.7369439071566731
19327,0.034284450342844504
19328,0.034284450342844504
19329,0.034284450342844504
19330,0.034284450342844504
19331,0.9686847599164927
19332,0.18281535648994515
19333,0.05191256830601093
19334,0.034284450342844504
19335,0.034284450342844504
19336,0.3872832369942196
19337,0.9686847599164927
19338,0.6792079207920793
19339,0.034284450342844504
19340,0.3088235294117647
19341,0.05
19342,0.034284450342844504
19343,0.041044776119402986
19344,0.2482758620689655
19345,0.39357429718875503
19346,0.034284450342844504
19347,0.05191256830601093
19348,0.041044776119402986
19349,0.8184991273996509
19350,0.05191256830601093
19351,0.18281535648994515
19352,0.927007299270073
19353,0.3088235294117647
19354,0.11702127659574468
19355,0.11702127659574468
19356,0.11702127659574468
19357,0.04897959183673469
19358,0.48484848484848486
19359,0.2482758620689655
19360,0.45161290322580644
19361,0.041044776119402986
19362,0.6792079207920793
19363,0.3088235294117647
19364,0.927007299270073
19365,0.5929824561403508
19366,0.034284450342844504
19367,0.8614020950846092
19368,0.425
19369,0.04897959183673469
19370,0.034284450342844504
19371,0.9686847599164927
19372,0.034284450342844504
19373,0.034284450342844504
19374,0.041044776119402986
19375,0.034284450342844504
19376,0.034284450342844504
19377,0.9686847599164927
19378,0.6792079207920793
19379,0.034284450342844504
19380,0.034284450342844504
19381,0.034284450342844504
19382,0.041044776119402986
19383,0.034284450342844504
19384,0.034284450342844504
19385,0.18281535648994515
19386,0.11702127659574468
19387,0.034284450342844504
19388,0.9038461538461539
19389,0.9983552631578947
19390,0.7369439071566731
19391,0.9686847599164927
19392,0.04897959183673469
19393,0.034284450342844504
19394,0.36936936936936937
19395,0.3088235294117647
19396,0.034284450342844504
19397,0.954248366013072
19398,0.36936936936936937
19399,0.034284450342844504
19400,0.6792079207920793
19401,0.2482758620689655
19402,0.034284450342844504
19403,0.5929824561403508
19404,0.034284450342844504
19405,0.034284450342844504
19406,0.6792079207920793
19407,0.4314868804664723
19408,0.034284450342844504
19409,0.034284450342844504
19410,0.034284450342844504
19411,0.034284450342844504
19412,0.034284450342844504
19413,0.034284450342844504
19414,0.927007299270073
19415,0.034284450342844504
19416,0.425
19417,0.9983552631578947
19418,0.034284450342844504
19419,0.1092436974789916
19420,0.39357429718875503
19421,0.9515151515151515
19422,0.48484848484848486
19423,0.8614020950846092
19424,0.8614020950846092
19425,0.034284450342844504
19426,0.034284450342844504
19427,0.034284450342844504
19428,0.034284450342844504
19429,0.18281535648994515
19430,0.034284450342844504
19431,0.034284450342844504
19432,0.034284450342844504
19433,0.04897959183673469
19434,0.8614020950846092
19435,0.041044776119402986
19436,0.034284450342844504
19437,0.9686847599164927
19438,0.034284450342844504
19439,0.9515151515151515
19440,0.18281535648994515
19441,0.041044776119402986
19442,0.04897959183673469
19443,0.034284450342844504
19444,0.034284450342844504
19445,0.05
19446,0.034284450342844504
19447,0.05191256830601093
19448,0.3872832369942196
19449,0.034284450342844504
19450,0.034284450342844504
19451,0.8614020950846092
19452,0.034284450342844504
19453,0.034284450342844504
19454,0.927007299270073
19455,0.6870748299319728
19456,0.6792079207920793
19457,0.18281535648994515
19458,0.39357429718875503
19459,0.034284450342844504
19460,0.9686847599164927
19461,0.034284450342844504
19462,0.034284450342844504
19463,0.05191256830601093
19464,0.3088235294117647
19465,0.36936936936936937
19466,0.034284450342844504
19467,0.04897959183673469
19468,0.9686847599164927
19469,0.034284450342844504
19470,0.2482758620689655
19471,0.6701030927835051
19472,0.8184991273996509
19473,0.034284450342844504
19474,0.11702127659574468
19475,0.041044776119402986
19476,0.034284450342844504
19477,0.9686847599164927
19478,0.5929824561403508
19479,0.034284450342844504
19480,0.3088235294117647
19481,0.7369439071566731
19482,0.3088235294117647
19483,0.034284450342844504
19484,0.034284450342844504
19485,0.034284450342844504
19486,0.9686847599164927
19487,0.4314868804664723
19488,0.2482758620689655
19489,0.45161290322580644
19490,0.034284450342844504
19491,0.3088235294117647
19492,0.425
19493,0.45161290322580644
19494,0.2482758620689655
19495,0.034284450342844504
19496,0.45454545454545453
19497,0.041044776119402986
19498,0.4314868804664723
19499,0.034284450342844504
19500,0.9686847599164927
19501,0.034284450342844504
19502,0.9686847599164927
19503,0.9515151515151515
19504,0.9686847599164927
19505,0.2482758620689655
19506,0.4314868804664723
19507,0.927007299270073
19508,0.4314868804664723
19509,0.034284450342844504
19510,0.034284450342844504
19511,0.29591836734693877
19512,0.3088235294117647
19513,0.034284450342844504
19514,0.034284450342844504
19515,0.927007299270073
19516,0.927007299270073
19517,0.425
19518,0.04897959183673469
19519,0.04897959183673469
19520,0.034284450342844504
19521,0.18281535648994515
19522,0.7369439071566731
19523,0.04897959183673469
19524,0.6792079207920793
19525,0.041044776119402986
19526,0.034284450342844504
19527,0.8614020950846092
19528,0.7369439071566731
19529,0.041044776119402986
19530,0.927007299270073
19531,0.034284450342844504
19532,0.8614020950846092
19533,0.18281535648994515
19534,0.2482758620689655
19535,0.041044776119402986
19536,0.18281535648994515
19537,0.034284450342844504
19538,0.5929824561403508
19539,0.9038461538461539
19540,0.7369439071566731
19541,0.034284450342844504
19542,0.034284450342844504
19543,0.034284450342844504
19544,0.927007299270073
19545,0.8184991273996509
19546,0.927007299270073
19547,0.034284450342844504
19548,0.034284450342844504
19549,0.034284450342844504
19550,0.45161290322580644
19551,0.48484848484848486
19552,0.034284450342844504
19553,0.034284450342844504
19554,0.034284450342844504
19555,0.04897959183673469
19556,0.034284450342844504
19557,0.9686847599164927
19558,0.034284450342844504
19559,0.041044776119402986
19560,0.034284450342844504
19561,0.9686847599164927
19562,0.2482758620689655
19563,0.18281535648994515
19564,0.034284450342844504
19565,0.18281535648994515
19566,0.3872832369942196
19567,0.9686847599164927
19568,0.034284450342844504
19569,0.4314868804664723
19570,0.034284450342844504
19571,0.034284450342844504
19572,0.04897959183673469
19573,0.034284450342844504
19574,0.034284450342844504
19575,0.4314868804664723
19576,0.927007299270073
19577,0.034284450342844504
19578,0.034284450342844504
19579,0.3872832369942196
19580,0.04897959183673469
19581,0.8614020950846092
19582,0.11702127659574468
19583,0.034284450342844504
19584,0.034284450342844504
19585,0.034284450342844504
19586,0.7369439071566731
19587,0.18281535648994515
19588,0.2482758620689655
19589,0.04897959183673469
19590,0.7369439071566731
19591,0.29591836734693877
19592,0.04897959183673469
19593,0.9686847599164927
19594,0.1092436974789916
19595,0.4314868804664723
19596,0.6792079207920793
19597,0.2482758620689655
19598,0.034284450342844504
19599,0.034284450342844504
19600,0.034284450342844504
19601,0.9686847599164927
19602,0.9686847599164927
19603,0.9686847599164927
19604,0.04897959183673469
19605,0.8184991273996509
19606,0.36936936936936937
19607,0.18281535648994515
19608,0.041044776119402986
19609,0.1092436974789916
19610,0.2482758620689655
19611,0.6792079207920793
19612,0.3088235294117647
19613,0.034284450342844504
19614,0.11702127659574468
19615,0.034284450342844504
19616,0.034284450342844504
19617,0.034284450342844504
19618,0.9515151515151515
19619,0.1092436974789916
19620,0.2482758620689655
19621,0.2482758620689655
19622,0.9983552631578947
19623,0.034284450342844504
19624,0.3088235294117647
19625,0.05191256830601093
19626,0.8614020950846092
19627,0.041044776119402986
19628,0.39357429718875503
19629,0.05191256830601093
19630,0.04897959183673469
19631,0.9983552631578947
19632,0.4314868804664723
19633,0.18281535648994515
19634,0.041044776119402986
19635,0.18281535648994515
19636,0.1092436974789916
19637,0.927007299270073
19638,0.034284450342844504
19639,0.034284450342844504
19640,0.041044776119402986
19641,0.034284450342844504
19642,0.034284450342844504
19643,0.034284450342844504
19644,0.034284450342844504
19645,0.2482758620689655
19646,0.11702127659574468
19647,0.034284450342844504
19648,0.04897959183673469
19649,0.425
19650,0.034284450342844504
19651,0.034284450342844504
19652,0.6792079207920793
19653,0.034284450342844504
19654,0.9686847599164927
19655,0.05191256830601093
19656,0.05
19657,0.18281535648994515
19658,0.9686847599164927
19659,0.034284450342844504
19660,0.3088235294117647
19661,0.8184991273996509
19662,0.29591836734693877
19663,0.034284450342844504
19664,0.9686847599164927
19665,0.034284450342844504
19666,0.034284450342844504
19667,0.18281535648994515
19668,0.034284450342844504
19669,0.034284450342844504
19670,0.3872832369942196
19671,0.3088235294117647
19672,0.05
19673,0.034284450342844504
19674,0.39357429718875503
19675,0.8184991273996509
19676,0.1092436974789916
19677,0.034284450342844504
19678,0.034284450342844504
19679,0.18281535648994515
19680,0.034284450342844504
19681,0.927007299270073
19682,0.9686847599164927
19683,0.2482758620689655
19684,0.18281535648994515
19685,0.8184991273996509
19686,0.034284450342844504
19687,0.4314868804664723
19688,0.034284450342844504
19689,0.11702127659574468
19690,0.9686847599164927
19691,0.18281535648994515
19692,0.9686847599164927
19693,0.034284450342844504
19694,0.034284450342844504
19695,0.2482758620689655
19696,0.034284450342844504
19697,0.45454545454545453
19698,0.18281535648994515
19699,0.6870748299319728
19700,0.034284450342844504
19701,0.034284450342844504
19702,0.927007299270073
19703,0.034284450342844504
19704,0.3088235294117647
19705,0.3088235294117647
19706,0.927007299270073
19707,0.034284450342844504
19708,0.034284450342844504
19709,0.034284450342844504
19710,0.034284450342844504
19711,0.9686847599164927
19712,0.04897959183673469
19713,0.034284450342844504
19714,0.6792079207920793
19715,0.2482758620689655
19716,0.034284450342844504
19717,0.3088235294117647
19718,0.034284450342844504
19719,0.034284450342844504
19720,0.6701030927835051
19721,0.034284450342844504
19722,0.9686847599164927
19723,0.9686847599164927
19724,0.034284450342844504
19725,0.6870748299319728
19726,0.034284450342844504
19727,0.2482758620689655
19728,0.2482758620689655
19729,0.034284450342844504
19730,0.034284450342844504
19731,0.6870748299319728
19732,0.4314868804664723
19733,0.034284450342844504
19734,0.5929824561403508
19735,0.034284450342844504
19736,0.18281535648994515
19737,0.9686847599164927
19738,0.8614020950846092
19739,0.8184991273996509
19740,0.034284450342844504
19741,0.034284450342844504
19742,0.18281535648994515
19743,0.7369439071566731
19744,0.034284450342844504
19745,0.11702127659574468
19746,0.041044776119402986
19747,0.11702127659574468
19748,0.04897959183673469
19749,0.034284450342844504
19750,0.041044776119402986
19751,0.6792079207920793
19752,0.041044776119402986
19753,0.034284450342844504
19754,0.2482758620689655
19755,0.034284450342844504
19756,0.04897959183673469
19757,0.041044776119402986
19758,0.927007299270073
19759,0.3872832369942196
19760,0.041044776119402986
19761,0.034284450342844504
19762,0.034284450342844504
19763,0.034284450342844504
19764,0.8614020950846092
19765,0.034284450342844504
19766,0.9686847599164927
19767,0.39357429718875503
19768,0.9983552631578947
19769,0.034284450342844504
19770,0.041044776119402986
19771,0.034284450342844504
19772,0.034284450342844504
19773,0.39357429718875503
19774,0.9686847599164927
19775,0.034284450342844504
19776,0.034284450342844504
19777,0.39357429718875503
19778,0.04897959183673469
19779,0.11702127659574468
19780,0.034284450342844504
19781,0.5929824561403508
19782,0.041044776119402986
19783,0.034284450342844504
19784,0.29591836734693877
19785,0.034284450342844504
19786,0.034284450342844504
19787,0.034284450342844504
19788,0.11702127659574468
19789,0.034284450342844504
19790,0.9686847599164927
19791,0.6792079207920793
19792,0.04897959183673469
19793,0.39357429718875503
19794,0.9686847599164927
19795,0.034284450342844504
19796,0.041044776119402986
19797,0.29591836734693877
19798,0.034284450342844504
19799,0.9686847599164927
19800,0.034284450342844504
19801,0.18281535648994515
19802,0.034284450342844504
19803,0.3872832369942196
19804,0.954248366013072
19805,0.05
19806,0.034284450342844504
19807,0.11702127659574468
19808,0.18281535648994515
19809,0.034284450342844504
19810,0.05191256830601093
19811,0.034284450342844504
19812,0.034284450342844504
19813,0.034284450342844504
19814,0.041044776119402986
19815,0.18281535648994515
19816,0.2482758620689655
19817,0.034284450342844504
19818,0.04897959183673469
19819,0.034284450342844504
19820,0.18281535648994515
19821,0.034284450342844504
19822,0.034284450342844504
19823,0.18281535648994515
19824,0.18281535648994515
19825,0.3088235294117647
19826,0.29591836734693877
19827,0.36936936936936937
19828,0.18281535648994515
19829,0.8184991273996509
19830,0.04897959183673469
19831,0.034284450342844504
19832,0.2482758620689655
19833,0.8614020950846092
19834,0.034284450342844504
19835,0.6792079207920793
19836,0.034284450342844504
19837,0.034284450342844504
19838,0.04897959183673469
19839,0.2482758620689655
19840,0.3088235294117647
19841,0.6792079207920793
19842,0.034284450342844504
19843,0.3088235294117647
19844,0.041044776119402986
19845,0.6792079207920793
19846,0.034284450342844504
19847,0.034284450342844504
19848,0.3088235294117647
19849,0.041044776119402986
19850,0.034284450342844504
19851,0.034284450342844504
19852,0.48484848484848486
19853,0.3088235294117647
19854,0.9686847599164927
19855,0.041044776119402986
19856,0.041044776119402986
19857,0.927007299270073
19858,0.45161290322580644
19859,0.9038461538461539
19860,0.9686847599164927
19861,0.9983552631578947
19862,0.1092436974789916
19863,0.8614020950846092
19864,0.034284450342844504
19865,0.18281535648994515
19866,0.48484848484848486
19867,0.034284450342844504
19868,0.04897959183673469
19869,0.04897959183673469
19870,0.425
19871,0.36936936936936937
19872,0.05191256830601093
19873,0.8614020950846092
19874,0.034284450342844504
19875,0.3872832369942196
19876,0.034284450342844504
19877,0.2482758620689655
19878,0.034284450342844504
19879,0.034284450342844504
19880,0.18281535648994515
19881,0.11702127659574468
19882,0.034284450342844504
19883,0.041044776119402986
19884,0.2482758620689655
19885,0.9686847599164927
19886,0.041044776119402986
19887,0.034284450342844504
19888,0.9983552631578947
19889,0.4314868804664723
19890,0.18281535648994515
19891,0.6870748299319728
19892,0.39357429718875503
19893,0.041044776119402986
19894,0.04897959183673469
19895,0.8184991273996509
19896,0.034284450342844504
19897,0.8184991273996509
19898,0.04897959183673469
19899,0.041044776119402986
19900,0.425
19901,0.4314868804664723
19902,0.034284450342844504
19903,0.2482758620689655
19904,0.034284450342844504
19905,0.034284450342844504
19906,0.6792079207920793
19907,0.04897959183673469
19908,0.034284450342844504
19909,0.3088235294117647
19910,0.8614020950846092
19911,0.7369439071566731
19912,0.034284450342844504
19913,0.034284450342844504
19914,0.034284450342844504
19915,0.39357429718875503
19916,0.034284450342844504
19917,0.034284450342844504
19918,0.034284450342844504
19919,0.034284450342844504
19920,0.04897959183673469
19921,0.041044776119402986
19922,0.8614020950846092
19923,0.11702127659574468
19924,0.39357429718875503
19925,0.5929824561403508
19926,0.39357429718875503
19927,0.7369439071566731
19928,0.04897959183673469
19929,0.29591836734693877
19930,0.041044776119402986
19931,0.034284450342844504
19932,0.2482758620689655
19933,0.034284450342844504
19934,0.05191256830601093
19935,0.1092436974789916
19936,0.034284450342844504
19937,0.3088235294117647
19938,0.034284450342844504
19939,0.034284450342844504
19940,0.034284450342844504
19941,0.034284450342844504
19942,0.034284450342844504
19943,0.034284450342844504
19944,0.034284450342844504
19945,0.041044776119402986
19946,0.04897959183673469
19947,0.034284450342844504
19948,0.2482758620689655
19949,0.034284450342844504
19950,0.45161290322580644
19951,0.8184991273996509
19952,0.034284450342844504
19953,0.5929824561403508
19954,0.18281535648994515
19955,0.041044776119402986
19956,0.6792079207920793
19957,0.034284450342844504
19958,0.034284450342844504
19959,0.18281535648994515
19960,0.6792079207920793
19961,0.034284450342844504
19962,0.425
19963,0.034284450342844504
19964,0.034284450342844504
19965,0.034284450342844504
19966,0.6701030927835051
19967,0.3872832369942196
19968,0.927007299270073
19969,0.927007299270073
19970,0.6870748299319728
19971,0.034284450342844504
19972,0.034284450342844504
19973,0.9686847599164927
19974,0.034284450342844504
19975,0.9686847599164927
19976,0.05
19977,0.034284450342844504
19978,0.034284450342844504
19979,0.8614020950846092
19980,0.4314868804664723
19981,0.04897959183673469
19982,0.04897959183673469
19983,0.9686847599164927
19984,0.8614020950846092
19985,0.36936936936936937
19986,0.034284450342844504
19987,0.9983552631578947
19988,0.034284450342844504
19989,0.034284450342844504
19990,0.18281535648994515
19991,0.034284450342844504
19992,0.9686847599164927
19993,0.041044776119402986
19994,0.2482758620689655
19995,0.3088235294117647
19996,0.1092436974789916
19997,0.034284450342844504
19998,0.034284450342844504
19999,0.034284450342844504
20000,0.034284450342844504
20001,0.034284450342844504
20002,0.3088235294117647
20003,0.2482758620689655
20004,0.2482758620689655
20005,0.39357429718875503
20006,0.9686847599164927
20007,0.8614020950846092
20008,0.7369439071566731
20009,0.034284450342844504
20010,0.034284450342844504
20011,0.05191256830601093
20012,0.034284450342844504
20013,0.04897959183673469
20014,0.3088235294117647
20015,0.034284450342844504
20016,0.05191256830601093
20017,0.034284450342844504
20018,0.034284450342844504
20019,0.034284450342844504
20020,0.034284450342844504
20021,0.034284450342844504
20022,0.2482758620689655
20023,0.041044776119402986
20024,0.04897959183673469
20025,0.034284450342844504
20026,0.04897959183673469
20027,0.9686847599164927
20028,0.034284450342844504
20029,0.927007299270073
20030,0.18281535648994515
20031,0.034284450342844504
20032,0.29591836734693877
20033,0.7369439071566731
20034,0.05191256830601093
20035,0.6792079207920793
20036,0.034284450342844504
20037,0.3088235294117647
20038,0.9983552631578947
20039,0.7369439071566731
20040,0.034284450342844504
20041,0.034284450342844504
20042,0.04897959183673469
20043,0.04897959183673469
20044,0.034284450342844504
20045,0.8184991273996509
20046,0.927007299270073
20047,0.9983552631578947
20048,0.034284450342844504
20049,0.8184991273996509
20050,0.45454545454545453
20051,0.034284450342844504
20052,0.04897959183673469
20053,0.9983552631578947
20054,0.034284450342844504
20055,0.3088235294117647
20056,0.034284450342844504
20057,0.11702127659574468
20058,0.39357429718875503
20059,0.4314868804664723
20060,0.04897959183673469
20061,0.034284450342844504
20062,0.11702127659574468
20063,0.034284450342844504
20064,0.034284450342844504
20065,0.6870748299319728
20066,0.6792079207920793
20067,0.11702127659574468
20068,0.6870748299319728
20069,0.7369439071566731
20070,0.05191256830601093
20071,0.05191256830601093
20072,0.3088235294117647
20073,0.3088235294117647
20074,0.034284450342844504
20075,0.034284450342844504
20076,0.8614020950846092
20077,0.3088235294117647
20078,0.034284450342844504
20079,0.034284450342844504
20080,0.6701030927835051
20081,0.8184991273996509
20082,0.041044776119402986
20083,0.3088235294117647
20084,0.9686847599164927
20085,0.034284450342844504
20086,0.034284450342844504
20087,0.034284450342844504
20088,0.48484848484848486
20089,0.034284450342844504
20090,0.5929824561403508
20091,0.39357429718875503
20092,0.034284450342844504
20093,0.3088235294117647
20094,0.7369439071566731
20095,0.6792079207920793
20096,0.8614020950846092
20097,0.8184991273996509
20098,0.034284450342844504
20099,0.034284450342844504
20100,0.9686847599164927
20101,0.6792079207920793
20102,0.29591836734693877
20103,0.034284450342844504
20104,0.927007299270073
20105,0.034284450342844504
20106,0.04897959183673469
20107,0.927007299270073
20108,0.034284450342844504
20109,0.9983552631578947
20110,0.8614020950846092
20111,0.041044776119402986
20112,0.04897959183673469
20113,0.034284450342844504
20114,0.9686847599164927
20115,0.9686847599164927
20116,0.39357429718875503
20117,0.034284450342844504
20118,0.034284450342844504
20119,0.05
20120,0.034284450342844504
20121,0.034284450342844504
20122,0.3872832369942196
20123,0.041044776119402986
20124,0.3088235294117647
20125,0.18281535648994515
20126,0.18281535648994515
20127,0.2482758620689655
20128,0.9686847599164927
20129,0.45161290322580644
20130,0.6792079207920793
20131,0.034284450342844504
20132,0.05
20133,0.034284450342844504
20134,0.29591836734693877
20135,0.9515151515151515
20136,0.034284450342844504
20137,0.034284450342844504
20138,0.9686847599164927
20139,0.034284450342844504
20140,0.927007299270073
20141,0.034284450342844504
20142,0.034284450342844504
20143,0.05191256830601093
20144,0.041044776119402986
20145,0.034284450342844504
20146,0.041044776119402986
20147,0.18281535648994515
20148,0.034284450342844504
20149,0.8184991273996509
20150,0.04897959183673469
20151,0.9686847599164927
20152,0.04897959183673469
20153,0.18281535648994515
20154,0.034284450342844504
20155,0.041044776119402986
20156,0.034284450342844504
20157,0.48484848484848486
20158,0.034284450342844504
20159,0.6792079207920793
20160,0.9686847599164927
20161,0.034284450342844504
20162,0.034284450342844504
20163,0.04897959183673469
20164,0.3088235294117647
20165,0.04897959183673469
20166,0.034284450342844504
20167,0.927007299270073
20168,0.034284450342844504
20169,0.034284450342844504
20170,0.034284450342844504
20171,0.9686847599164927
20172,0.927007299270073
20173,0.9686847599164927
20174,0.11702127659574468
20175,0.7369439071566731
20176,0.05191256830601093
20177,0.034284450342844504
20178,0.034284450342844504
20179,0.11702127659574468
20180,0.034284450342844504
20181,0.034284450342844504
20182,0.2482758620689655
20183,0.034284450342844504
20184,0.9686847599164927
20185,0.4314868804664723
20186,0.04897959183673469
20187,0.034284450342844504
20188,0.8614020950846092
20189,0.3088235294117647
20190,0.927007299270073
20191,0.034284450342844504
20192,0.9686847599164927
20193,0.3088235294117647
20194,0.04897959183673469
20195,0.9686847599164927
20196,0.034284450342844504
20197,0.034284450342844504
20198,0.034284450342844504
20199,0.04897959183673469
20200,0.034284450342844504
20201,0.39357429718875503
20202,0.034284450342844504
20203,0.3088235294117647
20204,0.11702127659574468
20205,0.034284450342844504
20206,0.041044776119402986
20207,0.9983552631578947
20208,0.034284450342844504
20209,0.034284450342844504
20210,0.034284450342844504
20211,0.034284450342844504
20212,0.9686847599164927
20213,0.034284450342844504
20214,0.5929824561403508
20215,0.8614020950846092
20216,0.034284450342844504
20217,0.1092436974789916
20218,0.2482758620689655
20219,0.9686847599164927
20220,0.3088235294117647
20221,0.8614020950846092
20222,0.034284450342844504
20223,0.3088235294117647
20224,0.11702127659574468
20225,0.3088235294117647
20226,0.034284450342844504
20227,0.9038461538461539
20228,0.9686847599164927
20229,0.29591836734693877
20230,0.034284450342844504
20231,0.927007299270073
20232,0.8184991273996509
20233,0.05191256830601093
20234,0.034284450342844504
20235,0.18281535648994515
20236,0.9038461538461539
20237,0.927007299270073
20238,0.18281535648994515
20239,0.034284450342844504
20240,0.034284450342844504
20241,0.034284450342844504
20242,0.034284450342844504
20243,0.034284450342844504
20244,0.034284450342844504
20245,0.45454545454545453
20246,0.9686847599164927
20247,0.034284450342844504
20248,0.034284450342844504
20249,0.8614020950846092
20250,0.041044776119402986
20251,0.034284450342844504
20252,0.04897959183673469
20253,0.034284450342844504
20254,0.29591836734693877
20255,0.05
20256,0.7369439071566731
20257,0.9686847599164927
20258,0.6792079207920793
20259,0.425
20260,0.034284450342844504
20261,0.6792079207920793
20262,0.041044776119402986
20263,0.9983552631578947
20264,0.4314868804664723
20265,0.36936936936936937
20266,0.9686847599164927
20267,0.7369439071566731
20268,0.034284450342844504
20269,0.3088235294117647
20270,0.041044776119402986
20271,0.45161290322580644
20272,0.034284450342844504
20273,0.05
20274,0.1092436974789916
20275,0.034284450342844504
20276,0.7369439071566731
20277,0.8614020950846092
20278,0.041044776119402986
20279,0.6701030927835051
20280,0.034284450342844504
20281,0.2482758620689655
20282,0.1092436974789916
20283,0.8184991273996509
20284,0.034284450342844504
20285,0.9686847599164927
20286,0.034284450342844504
20287,0.034284450342844504
20288,0.034284450342844504
20289,0.9686847599164927
20290,0.034284450342844504
20291,0.034284450342844504
20292,0.9686847599164927
20293,0.9686847599164927
20294,0.034284450342844504
20295,0.034284450342844504
20296,0.36936936936936937
20297,0.18281535648994515
20298,0.034284450342844504
20299,0.9686847599164927
20300,0.3872832369942196
20301,0.034284450342844504
20302,0.9686847599164927
20303,0.034284450342844504
20304,0.18281535648994515
20305,0.034284450342844504
20306,0.034284450342844504
20307,0.2482758620689655
20308,0.3088235294117647
20309,0.39357429718875503
20310,0.034284450342844504
20311,0.034284450342844504
20312,0.04897959183673469
20313,0.034284450342844504
20314,0.927007299270073
20315,0.9686847599164927
20316,0.041044776119402986
20317,0.034284450342844504
20318,0.11702127659574468
20319,0.9686847599164927
20320,0.9686847599164927
20321,0.041044776119402986
20322,0.3088235294117647
20323,0.034284450342844504
20324,0.9686847599164927
20325,0.034284450342844504
20326,0.18281535648994515
20327,0.041044776119402986
20328,0.034284450342844504
20329,0.29591836734693877
20330,0.8614020950846092
20331,0.954248366013072
20332,0.9686847599164927
20333,0.6701030927835051
20334,0.9686847599164927
20335,0.9686847599164927
20336,0.041044776119402986
20337,0.034284450342844504
20338,0.36936936936936937
20339,0.927007299270073
20340,0.04897959183673469
20341,0.4314868804664723
20342,0.034284450342844504
20343,0.9515151515151515
20344,0.034284450342844504
20345,0.9515151515151515
20346,0.4314868804664723
20347,0.034284450342844504
20348,0.8614020950846092
20349,0.034284450342844504
20350,0.05191256830601093
20351,0.3088235294117647
20352,0.1092436974789916
20353,0.034284450342844504
20354,0.4314868804664723
20355,0.034284450342844504
20356,0.034284450342844504
20357,0.45454545454545453
20358,0.034284450342844504
20359,0.041044776119402986
20360,0.6870748299319728
20361,0.034284450342844504
20362,0.034284450342844504
20363,0.034284450342844504
20364,0.9686847599164927
20365,0.034284450342844504
20366,0.034284450342844504
20367,0.041044776119402986
20368,0.034284450342844504
20369,0.05191256830601093
20370,0.041044776119402986
20371,0.2482758620689655
20372,0.05191256830601093
20373,0.2482758620689655
20374,0.034284450342844504
20375,0.034284450342844504
20376,0.05191256830601093
20377,0.954248366013072
20378,0.034284450342844504
20379,0.36936936936936937
20380,0.034284450342844504
20381,0.9686847599164927
20382,0.034284450342844504
20383,0.9686847599164927
20384,0.034284450342844504
20385,0.034284450342844504
20386,0.034284450342844504
20387,0.05191256830601093
20388,0.04897959183673469
20389,0.034284450342844504
20390,0.8184991273996509
20391,0.5929824561403508
20392,0.2482758620689655
20393,0.18281535648994515
20394,0.9983552631578947
20395,0.034284450342844504
20396,0.3088235294117647
20397,0.034284450342844504
20398,0.9686847599164927
20399,0.034284450342844504
20400,0.45161290322580644
20401,0.9983552631578947
20402,0.9686847599164927
20403,0.034284450342844504
20404,0.034284450342844504
20405,0.034284450342844504
20406,0.041044776119402986
20407,0.3088235294117647
20408,0.927007299270073
20409,0.8614020950846092
20410,0.8184991273996509
20411,0.11702127659574468
20412,0.034284450342844504
20413,0.11702127659574468
20414,0.9686847599164927
20415,0.9686847599164927
20416,0.034284450342844504
20417,0.034284450342844504
20418,0.034284450342844504
20419,0.04897959183673469
20420,0.034284450342844504
20421,0.5929824561403508
20422,0.034284450342844504
20423,0.11702127659574468
20424,0.05191256830601093
20425,0.034284450342844504
20426,0.9686847599164927
20427,0.034284450342844504
20428,0.9686847599164927
20429,0.3088235294117647
20430,0.034284450342844504
20431,0.034284450342844504
20432,0.3088235294117647
20433,0.034284450342844504
20434,0.041044776119402986
20435,0.034284450342844504
20436,0.034284450342844504
20437,0.9686847599164927
20438,0.9686847599164927
20439,0.041044776119402986
20440,0.034284450342844504
20441,0.05
20442,0.034284450342844504
20443,0.5929824561403508
20444,0.5929824561403508
20445,0.4314868804664723
20446,0.034284450342844504
20447,0.7369439071566731
20448,0.2482758620689655
20449,0.9983552631578947
20450,0.9686847599164927
20451,0.9686847599164927
20452,0.2482758620689655
20453,0.034284450342844504
20454,0.11702127659574468
20455,0.034284450342844504
20456,0.034284450342844504
20457,0.034284450342844504
20458,0.6792079207920793
20459,0.8614020950846092
20460,0.45454545454545453
20461,0.04897959183673469
20462,0.034284450342844504
20463,0.6792079207920793
20464,0.034284450342844504
20465,0.034284450342844504
20466,0.034284450342844504
20467,0.9686847599164927
20468,0.041044776119402986
20469,0.6701030927835051
20470,0.034284450342844504
20471,0.6701030927835051
20472,0.05191256830601093
20473,0.034284450342844504
20474,0.034284450342844504
20475,0.034284450342844504
20476,0.3088235294117647
20477,0.9515151515151515
20478,0.04897959183673469
20479,0.8184991273996509
20480,0.4314868804664723
20481,0.3088235294117647
20482,0.39357429718875503
20483,0.04897959183673469
20484,0.034284450342844504
20485,0.034284450342844504
20486,0.18281535648994515
20487,0.7369439071566731
20488,0.034284450342844504
20489,0.954248366013072
20490,0.9983552631578947
20491,0.3088235294117647
20492,0.041044776119402986
20493,0.18281535648994515
20494,0.2482758620689655
20495,0.034284450342844504
20496,0.034284450342844504
20497,0.034284450342844504
20498,0.29591836734693877
20499,0.9686847599164927
20500,0.034284450342844504
20501,0.034284450342844504
20502,0.6792079207920793
20503,0.6870748299319728
20504,0.034284450342844504
20505,0.9686847599164927
20506,0.034284450342844504
20507,0.2482758620689655
20508,0.6701030927835051
20509,0.9686847599164927
20510,0.11702127659574468
20511,0.034284450342844504
20512,0.9686847599164927
20513,0.8614020950846092
20514,0.034284450342844504
20515,0.8614020950846092
20516,0.034284450342844504
20517,0.034284450342844504
20518,0.034284450342844504
20519,0.041044776119402986
20520,0.034284450342844504
20521,0.927007299270073
20522,0.034284450342844504
20523,0.1092436974789916
20524,0.2482758620689655
20525,0.1092436974789916
20526,0.034284450342844504
20527,0.11702127659574468
20528,0.041044776119402986
20529,0.29591836734693877
20530,0.05191256830601093
20531,0.04897959183673469
20532,0.6792079207920793
20533,0.18281535648994515
20534,0.034284450342844504
20535,0.39357429718875503
20536,0.034284450342844504
20537,0.9686847599164927
20538,0.05191256830601093
20539,0.05191256830601093
20540,0.8614020950846092
20541,0.034284450342844504
20542,0.05191256830601093
20543,0.425
20544,0.927007299270073
20545,0.2482758620689655
20546,0.034284450342844504
20547,0.5929824561403508
20548,0.9686847599164927
20549,0.39357429718875503
20550,0.18281535648994515
20551,0.034284450342844504
20552,0.6792079207920793
20553,0.034284450342844504
20554,0.18281535648994515
20555,0.034284450342844504
20556,0.04897959183673469
20557,0.5929824561403508
20558,0.034284450342844504
20559,0.034284450342844504
20560,0.034284450342844504
20561,0.034284450342844504
20562,0.034284450342844504
20563,0.034284450342844504
20564,0.3088235294117647
20565,0.2482758620689655
20566,0.45161290322580644
20567,0.11702127659574468
20568,0.034284450342844504
20569,0.041044776119402986
20570,0.18281535648994515
20571,0.034284450342844504
20572,0.3088235294117647
20573,0.034284450342844504
20574,0.8614020950846092
20575,0.04897959183673469
20576,0.3088235294117647
20577,0.6792079207920793
20578,0.9686847599164927
20579,0.034284450342844504
20580,0.034284450342844504
20581,0.6792079207920793
20582,0.2482758620689655
20583,0.7369439071566731
20584,0.034284450342844504
20585,0.034284450342844504
20586,0.034284450342844504
20587,0.034284450342844504
20588,0.034284450342844504
20589,0.954248366013072
20590,0.8184991273996509
20591,0.05191256830601093
20592,0.927007299270073
20593,0.1092436974789916
20594,0.05191256830601093
20595,0.034284450342844504
20596,0.425
20597,0.11702127659574468
20598,0.927007299270073
20599,0.2482758620689655
20600,0.9038461538461539
20601,0.034284450342844504
20602,0.7369439071566731
20603,0.034284450342844504
20604,0.034284450342844504
20605,0.034284450342844504
20606,0.6792079207920793
20607,0.034284450342844504
20608,0.9686847599164927
20609,0.9686847599164927
20610,0.45454545454545453
20611,0.18281535648994515
20612,0.034284450342844504
20613,0.45161290322580644
20614,0.9983552631578947
20615,0.8184991273996509
20616,0.6870748299319728
20617,0.034284450342844504
20618,0.041044776119402986
20619,0.034284450342844504
20620,0.45161290322580644
20621,0.034284450342844504
20622,0.034284450342844504
20623,0.04897959183673469
20624,0.7369439071566731
20625,0.29591836734693877
20626,0.034284450342844504
20627,0.04897959183673469
20628,0.3088235294117647
20629,0.927007299270073
20630,0.05
20631,0.034284450342844504
20632,0.18281535648994515
20633,0.034284450342844504
20634,0.927007299270073
20635,0.034284450342844504
20636,0.034284450342844504
20637,0.4314868804664723
20638,0.3872832369942196
20639,0.041044776119402986
20640,0.8184991273996509
20641,0.3088235294117647
20642,0.034284450342844504
20643,0.05
20644,0.7369439071566731
20645,0.29591836734693877
20646,0.034284450342844504
20647,0.041044776119402986
20648,0.8148148148148148
20649,0.034284450342844504
20650,0.425
20651,0.18281535648994515
20652,0.36936936936936937
20653,0.8184991273996509
20654,0.927007299270073
20655,0.04897959183673469
20656,0.927007299270073
20657,0.5929824561403508
20658,0.1092436974789916
20659,0.9686847599164927
20660,0.5929824561403508
20661,0.034284450342844504
20662,0.034284450342844504
20663,0.3088235294117647
20664,0.034284450342844504
20665,0.034284450342844504
20666,0.2482758620689655
20667,0.034284450342844504
20668,0.034284450342844504
20669,0.2482758620689655
20670,0.9983552631578947
20671,0.034284450342844504
20672,0.9686847599164927
20673,0.29591836734693877
20674,0.034284450342844504
20675,0.034284450342844504
20676,0.05191256830601093
20677,0.11702127659574468
20678,0.04897959183673469
20679,0.04897959183673469
20680,0.45454545454545453
20681,0.034284450342844504
20682,0.8184991273996509
20683,0.954248366013072
20684,0.04897959183673469
20685,0.11702127659574468
20686,0.034284450342844504
20687,0.18281535648994515
20688,0.927007299270073
20689,0.9515151515151515
20690,0.034284450342844504
20691,0.034284450342844504
20692,0.4314868804664723
20693,0.3088235294117647
20694,0.034284450342844504
20695,0.05191256830601093
20696,0.034284450342844504
20697,0.9686847599164927
20698,0.04897959183673469
20699,0.034284450342844504
20700,0.034284450342844504
20701,0.7369439071566731
20702,0.041044776119402986
20703,0.927007299270073
20704,0.034284450342844504
20705,0.39357429718875503
20706,0.034284450342844504
20707,0.034284450342844504
20708,0.3088235294117647
20709,0.11702127659574468
20710,0.7369439071566731
20711,0.3088235294117647
20712,0.5929824561403508
20713,0.9686847599164927
20714,0.927007299270073
20715,0.034284450342844504
20716,0.6792079207920793
20717,0.3088235294117647
20718,0.45161290322580644
20719,0.034284450342844504
20720,0.4314868804664723
20721,0.1092436974789916
20722,0.36936936936936937
20723,0.04897959183673469
20724,0.041044776119402986
20725,0.034284450342844504
20726,0.034284450342844504
20727,0.9686847599164927
20728,0.39357429718875503
20729,0.034284450342844504
20730,0.034284450342844504
20731,0.48484848484848486
20732,0.11702127659574468
20733,0.9686847599164927
20734,0.11702127659574468
20735,0.7369439071566731
20736,0.034284450342844504
20737,0.9038461538461539
20738,0.8184991273996509
20739,0.034284450342844504
20740,0.04897959183673469
20741,0.9038461538461539
20742,0.034284450342844504
20743,0.04897959183673469
20744,0.927007299270073
20745,0.9686847599164927
20746,0.04897959183673469
20747,0.48484848484848486
20748,0.18281535648994515
20749,0.034284450342844504
20750,0.4314868804664723
20751,0.9686847599164927
20752,0.034284450342844504
20753,0.6792079207920793
20754,0.3088235294117647
20755,0.48484848484848486
20756,0.29591836734693877
20757,0.05191256830601093
20758,0.041044776119402986
20759,0.36936936936936937
20760,0.034284450342844504
20761,0.18281535648994515
20762,0.6870748299319728
20763,0.034284450342844504
20764,0.9686847599164927
20765,0.11702127659574468
20766,0.425
20767,0.9038461538461539
20768,0.034284450342844504
20769,0.04897959183673469
20770,0.034284450342844504
20771,0.3088235294117647
20772,0.034284450342844504
20773,0.034284450342844504
20774,0.041044776119402986
20775,0.034284450342844504
20776,0.2482758620689655
20777,0.034284450342844504
20778,0.041044776119402986
20779,0.927007299270073
20780,0.9686847599164927
20781,0.04897959183673469
20782,0.034284450342844504
20783,0.8184991273996509
20784,0.034284450342844504
20785,0.034284450342844504
20786,0.9686847599164927
20787,0.04897959183673469
20788,0.8614020950846092
20789,0.8184991273996509
20790,0.041044776119402986
20791,0.927007299270073
20792,0.034284450342844504
20793,0.034284450342844504
20794,0.034284450342844504
20795,0.3088235294117647
20796,0.7369439071566731
20797,0.5929824561403508
20798,0.034284450342844504
20799,0.2482758620689655
20800,0.9038461538461539
20801,0.927007299270073
20802,0.3088235294117647
20803,0.927007299270073
20804,0.4314868804664723
20805,0.11702127659574468
20806,0.9686847599164927
20807,0.034284450342844504
20808,0.05191256830601093
20809,0.4314868804664723
20810,0.29591836734693877
20811,0.11702127659574468
20812,0.39357429718875503
20813,0.034284450342844504
20814,0.11702127659574468
20815,0.8614020950846092
20816,0.3088235294117647
20817,0.034284450342844504
20818,0.034284450342844504
20819,0.034284450342844504
20820,0.425
20821,0.927007299270073
20822,0.3872832369942196
20823,0.034284450342844504
20824,0.034284450342844504
20825,0.6701030927835051
20826,0.034284450342844504
20827,0.29591836734693877
20828,0.04897959183673469
20829,0.4314868804664723
20830,0.8614020950846092
20831,0.3088235294117647
20832,0.034284450342844504
20833,0.9686847599164927
20834,0.9686847599164927
20835,0.034284450342844504
20836,0.9686847599164927
20837,0.034284450342844504
20838,0.034284450342844504
20839,0.2482758620689655
20840,0.034284450342844504
20841,0.3088235294117647
20842,0.45454545454545453
20843,0.041044776119402986
20844,0.034284450342844504
20845,0.9686847599164927
20846,0.034284450342844504
20847,0.041044776119402986
20848,0.034284450342844504
20849,0.034284450342844504
20850,0.041044776119402986
20851,0.48484848484848486
20852,0.9686847599164927
20853,0.041044776119402986
20854,0.034284450342844504
20855,0.041044776119402986
20856,0.29591836734693877
20857,0.9686847599164927
20858,0.9686847599164927
20859,0.18281535648994515
20860,0.29591836734693877
20861,0.034284450342844504
20862,0.3872832369942196
20863,0.3088235294117647
20864,0.034284450342844504
20865,0.11702127659574468
20866,0.034284450342844504
20867,0.034284450342844504
20868,0.9686847599164927
20869,0.034284450342844504
20870,0.034284450342844504
20871,0.034284450342844504
20872,0.034284450342844504
20873,0.041044776119402986
20874,0.9515151515151515
20875,0.8614020950846092
20876,0.39357429718875503
20877,0.3872832369942196
20878,0.041044776119402986
20879,0.034284450342844504
20880,0.034284450342844504
20881,0.05
20882,0.8184991273996509
20883,0.041044776119402986
20884,0.034284450342844504
20885,0.041044776119402986
20886,0.7369439071566731
20887,0.034284450342844504
20888,0.39357429718875503
20889,0.041044776119402986
20890,0.3088235294117647
20891,0.041044776119402986
20892,0.3088235294117647
20893,0.7369439071566731
20894,0.034284450342844504
20895,0.05
20896,0.927007299270073
20897,0.034284450342844504
20898,0.45161290322580644
20899,0.18281535648994515
20900,0.041044776119402986
20901,0.05191256830601093
20902,0.3872832369942196
20903,0.927007299270073
20904,0.034284450342844504
20905,0.034284450342844504
20906,0.3088235294117647
20907,0.04897959183673469
20908,0.034284450342844504
20909,0.034284450342844504
20910,0.5929824561403508
20911,0.8614020950846092
20912,0.034284450342844504
20913,0.9686847599164927
20914,0.7369439071566731
20915,0.1092436974789916
20916,0.034284450342844504
20917,0.041044776119402986
20918,0.11702127659574468
20919,0.034284450342844504
20920,0.11702127659574468
20921,0.034284450342844504
20922,0.9686847599164927
20923,0.034284450342844504
20924,0.9686847599164927
20925,0.041044776119402986
20926,0.9983552631578947
20927,0.05191256830601093
20928,0.36936936936936937
20929,0.39357429718875503
20930,0.04897959183673469
20931,0.034284450342844504
20932,0.034284450342844504
20933,0.034284450342844504
20934,0.18281535648994515
20935,0.041044776119402986
20936,0.9686847599164927
20937,0.034284450342844504
20938,0.034284450342844504
20939,0.034284450342844504
20940,0.6792079207920793
20941,0.034284450342844504
20942,0.04897959183673469
20943,0.2482758620689655
20944,0.8184991273996509
20945,0.18281535648994515
20946,0.9686847599164927
20947,0.034284450342844504
20948,0.11702127659574468
20949,0.3088235294117647
20950,0.05191256830601093
20951,0.041044776119402986
20952,0.927007299270073
20953,0.39357429718875503
20954,0.041044776119402986
20955,0.2482758620689655
20956,0.034284450342844504
20957,0.041044776119402986
20958,0.05191256830601093
20959,0.927007299270073
20960,0.3088235294117647
20961,0.04897959183673469
20962,0.11702127659574468
20963,0.034284450342844504
20964,0.29591836734693877
20965,0.034284450342844504
20966,0.6870748299319728
20967,0.3088235294117647
20968,0.041044776119402986
20969,0.034284450342844504
20970,0.034284450342844504
20971,0.034284450342844504
20972,0.034284450342844504
20973,0.034284450342844504
20974,0.034284450342844504
20975,0.3088235294117647
20976,0.034284450342844504
20977,0.29591836734693877
20978,0.3088235294117647
20979,0.041044776119402986
20980,0.7369439071566731
20981,0.11702127659574468
20982,0.034284450342844504
20983,0.04897959183673469
20984,0.034284450342844504
20985,0.034284450342844504
20986,0.18281535648994515
20987,0.9686847599164927
20988,0.9686847599164927
20989,0.4314868804664723
20990,0.9686847599164927
20991,0.9983552631578947
20992,0.4314868804664723
20993,0.034284450342844504
20994,0.04897959183673469
20995,0.18281535648994515
20996,0.041044776119402986
20997,0.3088235294117647
20998,0.36936936936936937
20999,0.034284450342844504
21000,0.9686847599164927
21001,0.034284450342844504
21002,0.9686847599164927
21003,0.034284450342844504
21004,0.6792079207920793
21005,0.05191256830601093
21006,0.9686847599164927
21007,0.034284450342844504
21008,0.034284450342844504
21009,0.05191256830601093
21010,0.9686847599164927
21011,0.04897959183673469
21012,0.041044776119402986
21013,0.034284450342844504
21014,0.3088235294117647
21015,0.3088235294117647
21016,0.8148148148148148
21017,0.034284450342844504
21018,0.034284450342844504
21019,0.04897959183673469
21020,0.041044776119402986
21021,0.041044776119402986
21022,0.9686847599164927
21023,0.18281535648994515
21024,0.8614020950846092
21025,0.36936936936936937
21026,0.45161290322580644
21027,0.9686847599164927
21028,0.927007299270073
21029,0.034284450342844504
21030,0.4314868804664723
21031,0.8184991273996509
21032,0.04897959183673469
21033,0.9686847599164927
21034,0.9983552631578947
21035,0.034284450342844504
21036,0.9686847599164927
21037,0.6792079207920793
21038,0.034284450342844504
21039,0.9686847599164927
21040,0.034284450342844504
21041,0.3088235294117647
21042,0.5929824561403508
21043,0.04897959183673469
21044,0.927007299270073
21045,0.034284450342844504
21046,0.6870748299319728
21047,0.9686847599164927
21048,0.18281535648994515
21049,0.9686847599164927
21050,0.034284450342844504
21051,0.8614020950846092
21052,0.034284450342844504
21053,0.2482758620689655
21054,0.9515151515151515
21055,0.04897959183673469
21056,0.11702127659574468
21057,0.9686847599164927
21058,0.034284450342844504
21059,0.927007299270073
21060,0.9686847599164927
21061,0.36936936936936937
21062,0.034284450342844504
21063,0.041044776119402986
21064,0.8184991273996509
21065,0.4314868804664723
21066,0.034284450342844504
21067,0.034284450342844504
21068,0.6792079207920793
21069,0.041044776119402986
21070,0.034284450342844504
21071,0.8614020950846092
21072,0.034284450342844504
21073,0.5929824561403508
21074,0.034284450342844504
21075,0.034284450342844504
21076,0.034284450342844504
21077,0.36936936936936937
21078,0.4314868804664723
21079,0.9686847599164927
21080,0.04897959183673469
21081,0.9983552631578947
21082,0.04897959183673469
21083,0.041044776119402986
21084,0.39357429718875503
21085,0.034284450342844504
21086,0.2482758620689655
21087,0.7369439071566731
21088,0.3088235294117647
21089,0.36936936936936937
21090,0.034284450342844504
21091,0.034284450342844504
21092,0.4314868804664723
21093,0.034284450342844504
21094,0.04897959183673469
21095,0.041044776119402986
21096,0.034284450342844504
21097,0.041044776119402986
21098,0.05191256830601093
21099,0.11702127659574468
21100,0.041044776119402986
21101,0.034284450342844504
21102,0.034284450342844504
21103,0.36936936936936937
21104,0.8614020950846092
21105,0.034284450342844504
21106,0.927007299270073
21107,0.034284450342844504
21108,0.4314868804664723
21109,0.9686847599164927
21110,0.8614020950846092
21111,0.9983552631578947
21112,0.034284450342844504
21113,0.034284450342844504
21114,0.9686847599164927
21115,0.36936936936936937
21116,0.9686847599164927
21117,0.3088235294117647
21118,0.034284450342844504
21119,0.9686847599164927
21120,0.034284450342844504
21121,0.2482758620689655
21122,0.05191256830601093
21123,0.18281535648994515
21124,0.04897959183673469
21125,0.05
21126,0.034284450342844504
21127,0.034284450342844504
21128,0.034284450342844504
21129,0.041044776119402986
21130,0.9686847599164927
21131,0.8614020950846092
21132,0.2482758620689655
21133,0.041044776119402986
21134,0.034284450342844504
21135,0.9686847599164927
21136,0.05191256830601093
21137,0.034284450342844504
21138,0.034284450342844504
21139,0.034284450342844504
21140,0.927007299270073
21141,0.034284450342844504
21142,0.034284450342844504
21143,0.29591836734693877
21144,0.034284450342844504
21145,0.034284450342844504
21146,0.18281535648994515
21147,0.6792079207920793
21148,0.4314868804664723
21149,0.034284450342844504
21150,0.034284450342844504
21151,0.9686847599164927
21152,0.034284450342844504
21153,0.6792079207920793
21154,0.034284450342844504
21155,0.034284450342844504
21156,0.8614020950846092
21157,0.18281535648994515
21158,0.39357429718875503
21159,0.034284450342844504
21160,0.034284450342844504
21161,0.034284450342844504
21162,0.034284450342844504
21163,0.927007299270073
21164,0.034284450342844504
21165,0.45161290322580644
21166,0.9686847599164927
21167,0.2482758620689655
21168,0.034284450342844504
21169,0.9686847599164927
21170,0.6792079207920793
21171,0.4314868804664723
21172,0.3088235294117647
21173,0.034284450342844504
21174,0.9983552631578947
21175,0.4314868804664723
21176,0.034284450342844504
21177,0.927007299270073
21178,0.8614020950846092
21179,0.034284450342844504
21180,0.9515151515151515
21181,0.18281535648994515
21182,0.034284450342844504
21183,0.48484848484848486
21184,0.8184991273996509
21185,0.45161290322580644
21186,0.034284450342844504
21187,0.034284450342844504
21188,0.034284450342844504
21189,0.034284450342844504
21190,0.034284450342844504
21191,0.8614020950846092
21192,0.2482758620689655
21193,0.5929824561403508
21194,0.9983552631578947
21195,0.041044776119402986
21196,0.3088235294117647
21197,0.034284450342844504
21198,0.034284450342844504
21199,0.7369439071566731
21200,0.034284450342844504
21201,0.11702127659574468
21202,0.034284450342844504
21203,0.041044776119402986
21204,0.034284450342844504
21205,0.034284450342844504
21206,0.9686847599164927
21207,0.034284450342844504
21208,0.041044776119402986
21209,0.9686847599164927
21210,0.425
21211,0.9686847599164927
21212,0.034284450342844504
21213,0.9686847599164927
21214,0.3088235294117647
21215,0.2482758620689655
21216,0.927007299270073
21217,0.45161290322580644
21218,0.034284450342844504
21219,0.034284450342844504
21220,0.36936936936936937
21221,0.034284450342844504
21222,0.034284450342844504
21223,0.1092436974789916
21224,0.8614020950846092
21225,0.034284450342844504
21226,0.6792079207920793
21227,0.034284450342844504
21228,0.9686847599164927
21229,0.9686847599164927
21230,0.6701030927835051
21231,0.9686847599164927
21232,0.39357429718875503
21233,0.45161290322580644
21234,0.041044776119402986
21235,0.7369439071566731
21236,0.8614020950846092
21237,0.034284450342844504
21238,0.034284450342844504
21239,0.034284450342844504
21240,0.034284450342844504
21241,0.8614020950846092
21242,0.9686847599164927
21243,0.3088235294117647
21244,0.034284450342844504
21245,0.9686847599164927
21246,0.034284450342844504
21247,0.034284450342844504
21248,0.39357429718875503
21249,0.9686847599164927
21250,0.034284450342844504
21251,0.034284450342844504
21252,0.11702127659574468
21253,0.034284450342844504
21254,0.034284450342844504
21255,0.39357429718875503
21256,0.041044776119402986
21257,0.8184991273996509
21258,0.3088235294117647
21259,0.041044776119402986
21260,0.3088235294117647
21261,0.034284450342844504
21262,0.04897959183673469
21263,0.29591836734693877
21264,0.034284450342844504
21265,0.034284450342844504
21266,0.034284450342844504
21267,0.034284450342844504
21268,0.9686847599164927
21269,0.8614020950846092
21270,0.4314868804664723
21271,0.7369439071566731
21272,0.2482758620689655
21273,0.034284450342844504
21274,0.034284450342844504
21275,0.425
21276,0.034284450342844504
21277,0.04897959183673469
21278,0.8184991273996509
21279,0.5929824561403508
21280,0.3088235294117647
21281,0.034284450342844504
21282,0.4314868804664723
21283,0.36936936936936937
21284,0.9686847599164927
21285,0.04897959183673469
21286,0.39357429718875503
21287,0.034284450342844504
21288,0.034284450342844504
21289,0.034284450342844504
21290,0.7369439071566731
21291,0.034284450342844504
21292,0.9983552631578947
21293,0.034284450342844504
21294,0.3088235294117647
21295,0.9038461538461539
21296,0.034284450342844504
21297,0.9983552631578947
21298,0.3088235294117647
21299,0.8184991273996509
21300,0.04897959183673469
21301,0.9686847599164927
21302,0.9686847599164927
21303,0.034284450342844504
21304,0.034284450342844504
21305,0.05191256830601093
21306,0.034284450342844504
21307,0.034284450342844504
21308,0.7369439071566731
21309,0.2482758620689655
21310,0.034284450342844504
21311,0.18281535648994515
21312,0.8184991273996509
21313,0.034284450342844504
21314,0.45161290322580644
21315,0.3088235294117647
21316,0.6792079207920793
21317,0.6701030927835051
21318,0.9686847599164927
21319,0.034284450342844504
21320,0.034284450342844504
21321,0.034284450342844504
21322,0.034284450342844504
21323,0.9686847599164927
21324,0.034284450342844504
21325,0.034284450342844504
21326,0.6792079207920793
21327,0.034284450342844504
21328,0.05191256830601093
21329,0.05191256830601093
21330,0.034284450342844504
21331,0.034284450342844504
21332,0.2482758620689655
21333,0.034284450342844504
21334,0.9686847599164927
21335,0.7369439071566731
21336,0.034284450342844504
21337,0.3088235294117647
21338,0.8614020950846092
21339,0.4314868804664723
21340,0.034284450342844504
21341,0.034284450342844504
21342,0.425
21343,0.04897959183673469
21344,0.034284450342844504
21345,0.034284450342844504
21346,0.034284450342844504
21347,0.18281535648994515
21348,0.9983552631578947
21349,0.034284450342844504
21350,0.041044776119402986
21351,0.9686847599164927
21352,0.034284450342844504
21353,0.9686847599164927
21354,0.034284450342844504
21355,0.04897959183673469
21356,0.034284450342844504
21357,0.034284450342844504
21358,0.45454545454545453
21359,0.9686847599164927
21360,0.5929824561403508
21361,0.9983552631578947
21362,0.034284450342844504
21363,0.3088235294117647
21364,0.034284450342844504
21365,0.041044776119402986
21366,0.034284450342844504
21367,0.9515151515151515
21368,0.9686847599164927
21369,0.034284450342844504
21370,0.9686847599164927
21371,0.9686847599164927
21372,0.034284450342844504
21373,0.034284450342844504
21374,0.05191256830601093
21375,0.034284450342844504
21376,0.8184991273996509
21377,0.2482758620689655
21378,0.9686847599164927
21379,0.2482758620689655
21380,0.8614020950846092
21381,0.034284450342844504
21382,0.18281535648994515
21383,0.034284450342844504
21384,0.034284450342844504
21385,0.6792079207920793
21386,0.9686847599164927
21387,0.7369439071566731
21388,0.4314868804664723
21389,0.04897959183673469
21390,0.034284450342844504
21391,0.034284450342844504
21392,0.034284450342844504
21393,0.034284450342844504
21394,0.11702127659574468
21395,0.927007299270073
21396,0.3088235294117647
21397,0.9686847599164927
21398,0.034284450342844504
21399,0.3088235294117647
21400,0.9686847599164927
21401,0.034284450342844504
21402,0.034284450342844504
21403,0.18281535648994515
21404,0.05191256830601093
21405,0.034284450342844504
21406,0.034284450342844504
21407,0.034284450342844504
21408,0.04897959183673469
21409,0.034284450342844504
21410,0.3088235294117647
21411,0.4314868804664723
21412,0.05191256830601093
21413,0.034284450342844504
21414,0.034284450342844504
21415,0.034284450342844504
21416,0.3088235294117647
21417,0.041044776119402986
21418,0.034284450342844504
21419,0.04897959183673469
21420,0.034284450342844504
21421,0.3088235294117647
21422,0.2482758620689655
21423,0.034284450342844504
21424,0.4314868804664723
21425,0.7369439071566731
21426,0.4314868804664723
21427,0.04897959183673469
21428,0.11702127659574468
21429,0.927007299270073
21430,0.034284450342844504
21431,0.041044776119402986
21432,0.9038461538461539
21433,0.034284450342844504
21434,0.034284450342844504
21435,0.034284450342844504
21436,0.05
21437,0.36936936936936937
21438,0.034284450342844504
21439,0.6792079207920793
21440,0.034284450342844504
21441,0.041044776119402986
21442,0.034284450342844504
21443,0.041044776119402986
21444,0.034284450342844504
21445,0.3088235294117647
21446,0.034284450342844504
21447,0.034284450342844504
21448,0.3088235294117647
21449,0.041044776119402986
21450,0.3872832369942196
21451,0.8614020950846092
21452,0.8614020950846092
21453,0.3088235294117647
21454,0.034284450342844504
21455,0.7369439071566731
21456,0.18281535648994515
21457,0.034284450342844504
21458,0.5929824561403508
21459,0.6792079207920793
21460,0.034284450342844504
21461,0.04897959183673469
21462,0.9686847599164927
21463,0.034284450342844504
21464,0.041044776119402986
21465,0.39357429718875503
21466,0.05191256830601093
21467,0.8614020950846092
21468,0.034284450342844504
21469,0.04897959183673469
21470,0.5929824561403508
21471,0.034284450342844504
21472,0.9686847599164927
21473,0.034284450342844504
21474,0.9038461538461539
21475,0.034284450342844504
21476,0.034284450342844504
21477,0.034284450342844504
21478,0.05191256830601093
21479,0.9686847599164927
21480,0.04897959183673469
21481,0.034284450342844504
21482,0.04897959183673469
21483,0.8184991273996509
21484,0.034284450342844504
21485,0.1092436974789916
21486,0.04897959183673469
21487,0.2482758620689655
21488,0.9038461538461539
21489,0.04897959183673469
21490,0.034284450342844504
21491,0.034284450342844504
21492,0.034284450342844504
21493,0.5929824561403508
21494,0.041044776119402986
21495,0.3088235294117647
21496,0.034284450342844504
21497,0.034284450342844504
21498,0.18281535648994515
21499,0.45454545454545453
21500,0.4314868804664723
21501,0.05191256830601093
21502,0.3088235294117647
21503,0.05191256830601093
21504,0.05191256830601093
21505,0.8614020950846092
21506,0.18281535648994515
21507,0.034284450342844504
21508,0.8614020950846092
21509,0.034284450342844504
21510,0.8184991273996509
21511,0.6792079207920793
21512,0.034284450342844504
21513,0.18281535648994515
21514,0.034284450342844504
21515,0.18281535648994515
21516,0.6870748299319728
21517,0.3088235294117647
21518,0.034284450342844504
21519,0.034284450342844504
21520,0.034284450342844504
21521,0.034284450342844504
21522,0.034284450342844504
21523,0.041044776119402986
21524,0.034284450342844504
21525,0.11702127659574468
21526,0.8184991273996509
21527,0.034284450342844504
21528,0.034284450342844504
21529,0.034284450342844504
21530,0.425
21531,0.36936936936936937
21532,0.927007299270073
21533,0.034284450342844504
21534,0.11702127659574468
21535,0.425
21536,0.9686847599164927
21537,0.6701030927835051
21538,0.034284450342844504
21539,0.927007299270073
21540,0.04897959183673469
21541,0.2482758620689655
21542,0.45161290322580644
21543,0.45454545454545453
21544,0.05
21545,0.9686847599164927
21546,0.4314868804664723
21547,0.034284450342844504
21548,0.034284450342844504
21549,0.3872832369942196
21550,0.9686847599164927
21551,0.3088235294117647
21552,0.04897959183673469
21553,0.034284450342844504
21554,0.034284450342844504
21555,0.3088235294117647
21556,0.3088235294117647
21557,0.034284450342844504
21558,0.3088235294117647
21559,0.8184991273996509
21560,0.034284450342844504
21561,0.034284450342844504
21562,0.05191256830601093
21563,0.034284450342844504
21564,0.034284450342844504
21565,0.034284450342844504
21566,0.29591836734693877
21567,0.034284450342844504
21568,0.6792079207920793
21569,0.034284450342844504
21570,0.9686847599164927
21571,0.041044776119402986
21572,0.9038461538461539
21573,0.041044776119402986
21574,0.034284450342844504
21575,0.9686847599164927
21576,0.6792079207920793
21577,0.5929824561403508
21578,0.041044776119402986
21579,0.041044776119402986
21580,0.034284450342844504
21581,0.3088235294117647
21582,0.05
21583,0.5929824561403508
21584,0.034284450342844504
21585,0.3088235294117647
21586,0.8614020950846092
21587,0.034284450342844504
21588,0.8614020950846092
21589,0.041044776119402986
21590,0.6792079207920793
21591,0.11702127659574468
21592,0.05191256830601093
21593,0.9686847599164927
21594,0.034284450342844504
21595,0.034284450342844504
21596,0.3088235294117647
21597,0.034284450342844504
21598,0.9686847599164927
21599,0.034284450342844504
21600,0.6792079207920793
21601,0.48484848484848486
21602,0.425
21603,0.927007299270073
21604,0.04897959183673469
21605,0.2482758620689655
21606,0.034284450342844504
21607,0.04897959183673469
21608,0.18281535648994515
21609,0.6792079207920793
21610,0.18281535648994515
21611,0.45161290322580644
21612,0.04897959183673469
21613,0.05191256830601093
21614,0.6792079207920793
21615,0.034284450342844504
21616,0.36936936936936937
21617,0.8614020950846092
21618,0.04897959183673469
21619,0.7369439071566731
21620,0.034284450342844504
21621,0.034284450342844504
21622,0.8614020950846092
21623,0.39357429718875503
21624,0.5929824561403508
21625,0.5929824561403508
21626,0.3872832369942196
21627,0.5929824561403508
21628,0.041044776119402986
21629,0.041044776119402986
21630,0.034284450342844504
21631,0.034284450342844504
21632,0.927007299270073
21633,0.18281535648994515
21634,0.29591836734693877
21635,0.034284450342844504
21636,0.3088235294117647
21637,0.041044776119402986
21638,0.034284450342844504
21639,0.9983552631578947
21640,0.8614020950846092
21641,0.3872832369942196
21642,0.05191256830601093
21643,0.041044776119402986
21644,0.041044776119402986
21645,0.034284450342844504
21646,0.3088235294117647
21647,0.034284450342844504
21648,0.9983552631578947
21649,0.3088235294117647
21650,0.041044776119402986
21651,0.45161290322580644
21652,0.034284450342844504
21653,0.39357429718875503
21654,0.034284450342844504
21655,0.034284450342844504
21656,0.05
21657,0.18281535648994515
21658,0.034284450342844504
21659,0.034284450342844504
21660,0.5929824561403508
21661,0.041044776119402986
21662,0.6792079207920793
21663,0.18281535648994515
21664,0.3872832369942196
21665,0.034284450342844504
21666,0.3872832369942196
21667,0.034284450342844504
21668,0.034284450342844504
21669,0.034284450342844504
21670,0.8184991273996509
21671,0.034284450342844504
21672,0.36936936936936937
21673,0.5929824561403508
21674,0.041044776119402986
21675,0.7369439071566731
21676,0.11702127659574468
21677,0.034284450342844504
21678,0.2482758620689655
21679,0.034284450342844504
21680,0.4314868804664723
21681,0.034284450342844504
21682,0.034284450342844504
21683,0.2482758620689655
21684,0.7369439071566731
21685,0.8184991273996509
21686,0.034284450342844504
21687,0.034284450342844504
21688,0.034284450342844504
21689,0.8614020950846092
21690,0.927007299270073
21691,0.041044776119402986
21692,0.6870748299319728
21693,0.034284450342844504
21694,0.8614020950846092
21695,0.05191256830601093
21696,0.034284450342844504
21697,0.041044776119402986
21698,0.034284450342844504
21699,0.034284450342844504
21700,0.8614020950846092
21701,0.29591836734693877
21702,0.3088235294117647
21703,0.034284450342844504
21704,0.1092436974789916
21705,0.3088235294117647
21706,0.4314868804664723
21707,0.034284450342844504
21708,0.034284450342844504
21709,0.18281535648994515
21710,0.034284450342844504
21711,0.2482758620689655
21712,0.041044776119402986
21713,0.9515151515151515
21714,0.8614020950846092
21715,0.034284450342844504
21716,0.9686847599164927
21717,0.034284450342844504
21718,0.4314868804664723
21719,0.9686847599164927
21720,0.7369439071566731
21721,0.041044776119402986
21722,0.041044776119402986
21723,0.034284450342844504
21724,0.9515151515151515
21725,0.041044776119402986
21726,0.8184991273996509
21727,0.034284450342844504
21728,0.034284450342844504
21729,0.041044776119402986
21730,0.034284450342844504
21731,0.7369439071566731
21732,0.034284450342844504
21733,0.04897959183673469
21734,0.18281535648994515
21735,0.041044776119402986
21736,0.9686847599164927
21737,0.034284450342844504
21738,0.05191256830601093
21739,0.18281535648994515
21740,0.9686847599164927
21741,0.034284450342844504
21742,0.034284450342844504
21743,0.927007299270073
21744,0.5929824561403508
21745,0.18281535648994515
21746,0.18281535648994515
21747,0.7369439071566731
21748,0.04897959183673469
21749,0.034284450342844504
21750,0.034284450342844504
21751,0.034284450342844504
21752,0.3872832369942196
21753,0.18281535648994515
21754,0.9686847599164927
21755,0.034284450342844504
21756,0.6870748299319728
21757,0.034284450342844504
21758,0.9686847599164927
21759,0.04897959183673469
21760,0.3872832369942196
21761,0.9686847599164927
21762,0.18281535648994515
21763,0.034284450342844504
21764,0.9686847599164927
21765,0.041044776119402986
21766,0.9686847599164927
21767,0.6792079207920793
21768,0.9686847599164927
21769,0.29591836734693877
21770,0.041044776119402986
21771,0.425
21772,0.034284450342844504
21773,0.034284450342844504
21774,0.034284450342844504
21775,0.2482758620689655
21776,0.18281535648994515
21777,0.041044776119402986
21778,0.034284450342844504
21779,0.034284450342844504
21780,0.9686847599164927
21781,0.034284450342844504
21782,0.927007299270073
21783,0.04897959183673469
21784,0.04897959183673469
21785,0.18281535648994515
21786,0.4314868804664723
21787,0.034284450342844504
21788,0.034284450342844504
21789,0.041044776119402986
21790,0.034284450342844504
21791,0.034284450342844504
21792,0.7369439071566731
21793,0.927007299270073
21794,0.6792079207920793
21795,0.034284450342844504
21796,0.7369439071566731
21797,0.9686847599164927
21798,0.18281535648994515
21799,0.9983552631578947
21800,0.6792079207920793
21801,0.041044776119402986
21802,0.034284450342844504
21803,0.18281535648994515
21804,0.2482758620689655
21805,0.9686847599164927
21806,0.45454545454545453
21807,0.034284450342844504
21808,0.9983552631578947
21809,0.8184991273996509
21810,0.034284450342844504
21811,0.9686847599164927
21812,0.034284450342844504
21813,0.034284450342844504
21814,0.9686847599164927
21815,0.927007299270073
21816,0.9983552631578947
21817,0.3088235294117647
21818,0.9686847599164927
21819,0.034284450342844504
21820,0.034284450342844504
21821,0.4314868804664723
21822,0.041044776119402986
21823,0.034284450342844504
21824,0.034284450342844504
21825,0.034284450342844504
21826,0.034284450342844504
21827,0.9686847599164927
21828,0.9983552631578947
21829,0.034284450342844504
21830,0.05191256830601093
21831,0.18281535648994515
21832,0.041044776119402986
21833,0.4314868804664723
21834,0.9686847599164927
21835,0.4314868804664723
21836,0.8614020950846092
21837,0.11702127659574468
21838,0.034284450342844504
21839,0.5929824561403508
21840,0.034284450342844504
21841,0.6701030927835051
21842,0.8614020950846092
21843,0.2482758620689655
21844,0.6792079207920793
21845,0.034284450342844504
21846,0.034284450342844504
21847,0.04897959183673469
21848,0.034284450342844504
21849,0.9983552631578947
21850,0.034284450342844504
21851,0.6792079207920793
21852,0.9686847599164927
21853,0.29591836734693877
21854,0.04897959183673469
21855,0.034284450342844504
21856,0.04897959183673469
21857,0.034284450342844504
21858,0.18281535648994515
21859,0.05191256830601093
21860,0.3872832369942196
21861,0.034284450342844504
21862,0.034284450342844504
21863,0.034284450342844504
21864,0.034284450342844504
21865,0.034284450342844504
21866,0.9686847599164927
21867,0.034284450342844504
21868,0.034284450342844504
21869,0.3088235294117647
21870,0.034284450342844504
21871,0.041044776119402986
21872,0.034284450342844504
21873,0.45454545454545453
21874,0.041044776119402986
21875,0.034284450342844504
21876,0.927007299270073
21877,0.425
21878,0.6870748299319728
21879,0.954248366013072
21880,0.034284450342844504
21881,0.3088235294117647
21882,0.041044776119402986
21883,0.034284450342844504
21884,0.9686847599164927
21885,0.034284450342844504
21886,0.034284450342844504
21887,0.9686847599164927
21888,0.3872832369942196
21889,0.034284450342844504
21890,0.9686847599164927
21891,0.05191256830601093
21892,0.927007299270073
21893,0.18281535648994515
21894,0.9686847599164927
21895,0.041044776119402986
21896,0.05191256830601093
21897,0.034284450342844504
21898,0.8614020950846092
21899,0.9038461538461539
21900,0.034284450342844504
21901,0.034284450342844504
21902,0.034284450342844504
21903,0.04897959183673469
21904,0.29591836734693877
21905,0.034284450342844504
21906,0.4314868804664723
21907,0.2482758620689655
21908,0.18281535648994515
21909,0.9686847599164927
21910,0.1092436974789916
21911,0.034284450342844504
21912,0.034284450342844504
21913,0.034284450342844504
21914,0.034284450342844504
21915,0.04897959183673469
21916,0.29591836734693877
21917,0.034284450342844504
21918,0.041044776119402986
21919,0.3088235294117647
21920,0.39357429718875503
21921,0.45161290322580644
21922,0.29591836734693877
21923,0.39357429718875503
21924,0.034284450342844504
21925,0.3088235294117647
21926,0.034284450342844504
21927,0.041044776119402986
21928,0.05191256830601093
21929,0.2482758620689655
21930,0.034284450342844504
21931,0.041044776119402986
21932,0.9686847599164927
21933,0.034284450342844504
21934,0.18281535648994515
21935,0.034284450342844504
21936,0.9686847599164927
21937,0.034284450342844504
21938,0.034284450342844504
21939,0.034284450342844504
21940,0.04897959183673469
21941,0.034284450342844504
21942,0.3872832369942196
21943,0.034284450342844504
21944,0.034284450342844504
21945,0.034284450342844504
21946,0.04897959183673469
21947,0.034284450342844504
21948,0.034284450342844504
21949,0.034284450342844504
21950,0.11702127659574468
21951,0.034284450342844504
21952,0.034284450342844504
21953,0.927007299270073
21954,0.39357429718875503
21955,0.8614020950846092
21956,0.7369439071566731
21957,0.2482758620689655
21958,0.034284450342844504
21959,0.9686847599164927
21960,0.18281535648994515
21961,0.04897959183673469
21962,0.034284450342844504
21963,0.8614020950846092
21964,0.3088235294117647
21965,0.034284450342844504
21966,0.39357429718875503
21967,0.034284450342844504
21968,0.6870748299319728
21969,0.034284450342844504
21970,0.9983552631578947
21971,0.9686847599164927
21972,0.3088235294117647
21973,0.3088235294117647
21974,0.7369439071566731
21975,0.041044776119402986
21976,0.034284450342844504
21977,0.04897959183673469
21978,0.29591836734693877
21979,0.034284450342844504
21980,0.034284450342844504
21981,0.4314868804664723
21982,0.8614020950846092
21983,0.041044776119402986
21984,0.6792079207920793
21985,0.9983552631578947
21986,0.9983552631578947
21987,0.9686847599164927
21988,0.034284450342844504
21989,0.18281535648994515
21990,0.05
21991,0.034284450342844504
21992,0.034284450342844504
21993,0.034284450342844504
21994,0.034284450342844504
21995,0.11702127659574468
21996,0.3088235294117647
21997,0.034284450342844504
21998,0.8614020950846092
21999,0.7369439071566731
22000,0.034284450342844504
22001,0.45454545454545453
22002,0.9686847599164927
22003,0.034284450342844504
22004,0.034284450342844504
22005,0.4314868804664723
22006,0.9686847599164927
22007,0.6792079207920793
22008,0.6701030927835051
22009,0.034284450342844504
22010,0.8614020950846092
22011,0.9686847599164927
22012,0.034284450342844504
22013,0.36936936936936937
22014,0.034284450342844504
22015,0.1092436974789916
22016,0.034284450342844504
22017,0.11702127659574468
22018,0.05
22019,0.2482758620689655
22020,0.5929824561403508
22021,0.05
22022,0.8614020950846092
22023,0.3088235294117647
22024,0.04897959183673469
22025,0.034284450342844504
22026,0.954248366013072
22027,0.5929824561403508
22028,0.39357429718875503
22029,0.034284450342844504
22030,0.034284450342844504
22031,0.034284450342844504
22032,0.18281535648994515
22033,0.11702127659574468
22034,0.7369439071566731
22035,0.3088235294117647
22036,0.45161290322580644
22037,0.4314868804664723
22038,0.04897959183673469
22039,0.05
22040,0.18281535648994515
22041,0.4314868804664723
22042,0.034284450342844504
22043,0.034284450342844504
22044,0.034284450342844504
22045,0.425
22046,0.034284450342844504
22047,0.6701030927835051
22048,0.11702127659574468
22049,0.05191256830601093
22050,0.034284450342844504
22051,0.034284450342844504
22052,0.034284450342844504
22053,0.034284450342844504
22054,0.1092436974789916
22055,0.3088235294117647
22056,0.8614020950846092
22057,0.7369439071566731
22058,0.034284450342844504
22059,0.8184991273996509
22060,0.034284450342844504
22061,0.4314868804664723
22062,0.11702127659574468
22063,0.6792079207920793
22064,0.034284450342844504
22065,0.034284450342844504
22066,0.8614020950846092
22067,0.18281535648994515
22068,0.034284450342844504
22069,0.034284450342844504
22070,0.4314868804664723
22071,0.04897959183673469
22072,0.041044776119402986
22073,0.034284450342844504
22074,0.8614020950846092
22075,0.9983552631578947
22076,0.034284450342844504
22077,0.18281535648994515
22078,0.2482758620689655
22079,0.034284450342844504
22080,0.29591836734693877
22081,0.034284450342844504
22082,0.9983552631578947
22083,0.9686847599164927
22084,0.034284450342844504
22085,0.954248366013072
22086,0.034284450342844504
22087,0.034284450342844504
22088,0.034284450342844504
22089,0.034284450342844504
22090,0.034284450342844504
22091,0.034284450342844504
22092,0.034284450342844504
22093,0.18281535648994515
22094,0.18281535648994515
22095,0.034284450342844504
22096,0.034284450342844504
22097,0.8184991273996509
22098,0.8184991273996509
22099,0.034284450342844504
22100,0.04897959183673469
22101,0.034284450342844504
22102,0.05191256830601093
22103,0.45454545454545453
22104,0.034284450342844504
22105,0.034284450342844504
22106,0.034284450342844504
22107,0.11702127659574468
22108,0.9686847599164927
22109,0.3872832369942196
22110,0.034284450342844504
22111,0.5929824561403508
22112,0.034284450342844504
22113,0.9686847599164927
22114,0.18281535648994515
22115,0.8614020950846092
22116,0.034284450342844504
22117,0.3088235294117647
22118,0.04897959183673469
22119,0.034284450342844504
22120,0.034284450342844504
22121,0.3088235294117647
22122,0.3088235294117647
22123,0.9686847599164927
22124,0.48484848484848486
22125,0.041044776119402986
22126,0.8184991273996509
22127,0.9686847599164927
22128,0.18281535648994515
22129,0.034284450342844504
22130,0.034284450342844504
22131,0.29591836734693877
22132,0.05191256830601093
22133,0.034284450342844504
22134,0.48484848484848486
22135,0.3088235294117647
22136,0.034284450342844504
22137,0.9686847599164927
22138,0.18281535648994515
22139,0.7369439071566731
22140,0.7369439071566731
22141,0.04897959183673469
22142,0.3088235294117647
22143,0.3088235294117647
22144,0.6792079207920793
22145,0.9686847599164927
22146,0.034284450342844504
22147,0.11702127659574468
22148,0.034284450342844504
22149,0.034284450342844504
22150,0.034284450342844504
22151,0.39357429718875503
22152,0.034284450342844504
22153,0.034284450342844504
22154,0.041044776119402986
22155,0.034284450342844504
22156,0.04897959183673469
22157,0.05191256830601093
22158,0.5929824561403508
22159,0.8184991273996509
22160,0.034284450342844504
22161,0.034284450342844504
22162,0.18281535648994515
22163,0.04897959183673469
22164,0.041044776119402986
22165,0.034284450342844504
22166,0.6792079207920793
22167,0.39357429718875503
22168,0.2482758620689655
22169,0.3088235294117647
22170,0.034284450342844504
22171,0.8614020950846092
22172,0.041044776119402986
22173,0.034284450342844504
22174,0.9686847599164927
22175,0.034284450342844504
22176,0.034284450342844504
22177,0.8184991273996509
22178,0.05191256830601093
22179,0.034284450342844504
22180,0.034284450342844504
22181,0.034284450342844504
22182,0.034284450342844504
22183,0.9686847599164927
22184,0.3088235294117647
22185,0.11702127659574468
22186,0.9686847599164927
22187,0.9686847599164927
22188,0.04897959183673469
22189,0.8184991273996509
22190,0.034284450342844504
22191,0.7369439071566731
22192,0.36936936936936937
22193,0.7369439071566731
22194,0.04897959183673469
22195,0.034284450342844504
22196,0.041044776119402986
22197,0.2482758620689655
22198,0.18281535648994515
22199,0.034284450342844504
22200,0.9686847599164927
22201,0.3872832369942196
22202,0.034284450342844504
22203,0.034284450342844504
22204,0.034284450342844504
22205,0.2482758620689655
22206,0.425
22207,0.927007299270073
22208,0.034284450342844504
22209,0.5929824561403508
22210,0.034284450342844504
22211,0.9686847599164927
22212,0.48484848484848486
22213,0.041044776119402986
22214,0.04897959183673469
22215,0.034284450342844504
22216,0.927007299270073
22217,0.034284450342844504
22218,0.034284450342844504
22219,0.034284450342844504
22220,0.9686847599164927
22221,0.034284450342844504
22222,0.034284450342844504
22223,0.8614020950846092
22224,0.11702127659574468
22225,0.05191256830601093
22226,0.034284450342844504
22227,0.034284450342844504
22228,0.8614020950846092
22229,0.2482758620689655
22230,0.8614020950846092
22231,0.6792079207920793
22232,0.5929824561403508
22233,0.034284450342844504
22234,0.11702127659574468
22235,0.034284450342844504
22236,0.3088235294117647
22237,0.04897959183673469
22238,0.8614020950846092
22239,0.1092436974789916
22240,0.034284450342844504
22241,0.034284450342844504
22242,0.034284450342844504
22243,0.034284450342844504
22244,0.034284450342844504
22245,0.034284450342844504
22246,0.39357429718875503
22247,0.034284450342844504
22248,0.18281535648994515
22249,0.041044776119402986
22250,0.18281535648994515
22251,0.034284450342844504
22252,0.9686847599164927
22253,0.425
22254,0.034284450342844504
22255,0.034284450342844504
22256,0.041044776119402986
22257,0.3088235294117647
22258,0.041044776119402986
22259,0.034284450342844504
22260,0.034284450342844504
22261,0.034284450342844504
22262,0.6792079207920793
22263,0.9686847599164927
22264,0.034284450342844504
22265,0.034284450342844504
22266,0.034284450342844504
22267,0.034284450342844504
22268,0.7369439071566731
22269,0.034284450342844504
22270,0.034284450342844504
22271,0.034284450342844504
22272,0.11702127659574468
22273,0.9038461538461539
22274,0.034284450342844504
22275,0.5929824561403508
22276,0.8184991273996509
22277,0.9686847599164927
22278,0.927007299270073
22279,0.034284450342844504
22280,0.9686847599164927
22281,0.6792079207920793
22282,0.8184991273996509
22283,0.9686847599164927
22284,0.29591836734693877
22285,0.034284450342844504
22286,0.034284450342844504
22287,0.29591836734693877
22288,0.4314868804664723
22289,0.034284450342844504
22290,0.034284450342844504
22291,0.05191256830601093
22292,0.18281535648994515
22293,0.9983552631578947
22294,0.041044776119402986
22295,0.3088235294117647
22296,0.9686847599164927
22297,0.9686847599164927
22298,0.9686847599164927
22299,0.04897959183673469
22300,0.05191256830601093
22301,0.04897959183673469
22302,0.11702127659574468
22303,0.9686847599164927
22304,0.041044776119402986
22305,0.05191256830601093
22306,0.18281535648994515
22307,0.034284450342844504
22308,0.9038461538461539
22309,0.45161290322580644
22310,0.9686847599164927
22311,0.041044776119402986
22312,0.9983552631578947
22313,0.034284450342844504
22314,0.034284450342844504
22315,0.04897959183673469
22316,0.18281535648994515
22317,0.3088235294117647
22318,0.9686847599164927
22319,0.18281535648994515
22320,0.4314868804664723
22321,0.034284450342844504
22322,0.2482758620689655
22323,0.034284450342844504
22324,0.05191256830601093
22325,0.1092436974789916
22326,0.927007299270073
22327,0.5929824561403508
22328,0.034284450342844504
22329,0.3088235294117647
22330,0.9038461538461539
22331,0.5929824561403508
22332,0.041044776119402986
22333,0.041044776119402986
22334,0.4314868804664723
22335,0.18281535648994515
22336,0.39357429718875503
22337,0.034284450342844504
22338,0.11702127659574468
22339,0.425
22340,0.3088235294117647
22341,0.034284450342844504
22342,0.041044776119402986
22343,0.034284450342844504
22344,0.18281535648994515
22345,0.034284450342844504
22346,0.6792079207920793
22347,0.8614020950846092
22348,0.9686847599164927
22349,0.9686847599164927
22350,0.18281535648994515
22351,0.18281535648994515
22352,0.29591836734693877
22353,0.034284450342844504
22354,0.11702127659574468
22355,0.36936936936936937
22356,0.8184991273996509
22357,0.05191256830601093
22358,0.05191256830601093
22359,0.034284450342844504
22360,0.8614020950846092
22361,0.034284450342844504
22362,0.034284450342844504
22363,0.927007299270073
22364,0.034284450342844504
22365,0.2482758620689655
22366,0.041044776119402986
22367,0.18281535648994515
22368,0.2482758620689655
22369,0.034284450342844504
22370,0.034284450342844504
22371,0.9686847599164927
22372,0.927007299270073
22373,0.6792079207920793
22374,0.9983552631578947
22375,0.8614020950846092
22376,0.8184991273996509
22377,0.034284450342844504
22378,0.425
22379,0.9686847599164927
22380,0.034284450342844504
22381,0.9686847599164927
22382,0.1092436974789916
22383,0.9686847599164927
22384,0.041044776119402986
22385,0.6792079207920793
22386,0.2482758620689655
22387,0.9686847599164927
22388,0.04897959183673469
22389,0.6792079207920793
22390,0.034284450342844504
22391,0.034284450342844504
22392,0.18281535648994515
22393,0.7369439071566731
22394,0.9686847599164927
22395,0.041044776119402986
22396,0.041044776119402986
22397,0.9686847599164927
22398,0.04897959183673469
22399,0.9686847599164927
22400,0.8614020950846092
22401,0.8614020950846092
22402,0.041044776119402986
22403,0.36936936936936937
22404,0.034284450342844504
22405,0.39357429718875503
22406,0.04897959183673469
22407,0.034284450342844504
22408,0.034284450342844504
22409,0.39357429718875503
22410,0.6792079207920793
22411,0.8184991273996509
22412,0.8614020950846092
22413,0.034284450342844504
22414,0.11702127659574468
22415,0.3088235294117647
22416,0.034284450342844504
22417,0.4314868804664723
22418,0.9038461538461539
22419,0.041044776119402986
22420,0.8614020950846092
22421,0.9686847599164927
22422,0.425
22423,0.034284450342844504
22424,0.034284450342844504
22425,0.9686847599164927
22426,0.6792079207920793
22427,0.034284450342844504
22428,0.6792079207920793
22429,0.11702127659574468
22430,0.9983552631578947
22431,0.04897959183673469
22432,0.927007299270073
22433,0.041044776119402986
22434,0.05191256830601093
22435,0.29591836734693877
22436,0.927007299270073
22437,0.034284450342844504
22438,0.4314868804664723
22439,0.034284450342844504
22440,0.034284450342844504
22441,0.034284450342844504
22442,0.45161290322580644
22443,0.034284450342844504
22444,0.034284450342844504
22445,0.034284450342844504
22446,0.05191256830601093
22447,0.034284450342844504
22448,0.8184991273996509
22449,0.05191256830601093
22450,0.7369439071566731
22451,0.4314868804664723
22452,0.8614020950846092
22453,0.034284450342844504
22454,0.041044776119402986
22455,0.034284450342844504
22456,0.9686847599164927
22457,0.4314868804664723
22458,0.034284450342844504
22459,0.041044776119402986
22460,0.034284450342844504
22461,0.034284450342844504
22462,0.05191256830601093
22463,0.034284450342844504
22464,0.8184991273996509
22465,0.927007299270073
22466,0.425
22467,0.034284450342844504
22468,0.034284450342844504
22469,0.04897959183673469
22470,0.8614020950846092
22471,0.927007299270073
22472,0.9686847599164927
22473,0.034284450342844504
22474,0.034284450342844504
22475,0.18281535648994515
22476,0.034284450342844504
22477,0.034284450342844504
22478,0.9038461538461539
22479,0.04897959183673469
22480,0.3088235294117647
22481,0.3088235294117647
22482,0.48484848484848486
22483,0.034284450342844504
22484,0.3872832369942196
22485,0.034284450342844504
22486,0.927007299270073
22487,0.9686847599164927
22488,0.9686847599164927
22489,0.9983552631578947
22490,0.2482758620689655
22491,0.034284450342844504
22492,0.3088235294117647
22493,0.11702127659574468
22494,0.2482758620689655
22495,0.9038461538461539
22496,0.034284450342844504
22497,0.034284450342844504
22498,0.5929824561403508
22499,0.034284450342844504
22500,0.05191256830601093
22501,0.034284450342844504
22502,0.041044776119402986
22503,0.034284450342844504
22504,0.2482758620689655
22505,0.034284450342844504
22506,0.9686847599164927
22507,0.927007299270073
22508,0.034284450342844504
22509,0.9686847599164927
22510,0.05191256830601093
22511,0.927007299270073
22512,0.041044776119402986
22513,0.034284450342844504
22514,0.11702127659574468
22515,0.8614020950846092
22516,0.034284450342844504
22517,0.8614020950846092
22518,0.05191256830601093
22519,0.034284450342844504
22520,0.9686847599164927
22521,0.04897959183673469
22522,0.05191256830601093
22523,0.4314868804664723
22524,0.18281535648994515
22525,0.18281535648994515
22526,0.18281535648994515
22527,0.9686847599164927
22528,0.041044776119402986
22529,0.9686847599164927
22530,0.041044776119402986
22531,0.4314868804664723
22532,0.39357429718875503
22533,0.2482758620689655
22534,0.4314868804664723
22535,0.8614020950846092
22536,0.9515151515151515
22537,0.034284450342844504
22538,0.04897959183673469
22539,0.6870748299319728
22540,0.034284450342844504
22541,0.034284450342844504
22542,0.034284450342844504
22543,0.041044776119402986
22544,0.3088235294117647
22545,0.034284450342844504
22546,0.9038461538461539
22547,0.034284450342844504
22548,0.927007299270073
22549,0.034284450342844504
22550,0.45454545454545453
22551,0.8614020950846092
22552,0.05
22553,0.034284450342844504
22554,0.9038461538461539
22555,0.6792079207920793
22556,0.034284450342844504
22557,0.05
22558,0.3088235294117647
22559,0.29591836734693877
22560,0.5929824561403508
22561,0.18281535648994515
22562,0.034284450342844504
22563,0.11702127659574468
22564,0.9686847599164927
22565,0.6870748299319728
22566,0.39357429718875503
22567,0.034284450342844504
22568,0.18281535648994515
22569,0.05191256830601093
22570,0.034284450342844504
22571,0.041044776119402986
22572,0.034284450342844504
22573,0.3088235294117647
22574,0.034284450342844504
22575,0.2482758620689655
22576,0.7369439071566731
22577,0.5929824561403508
22578,0.8184991273996509
22579,0.034284450342844504
22580,0.8184991273996509
22581,0.034284450342844504
22582,0.8614020950846092
22583,0.6792079207920793
22584,0.9686847599164927
22585,0.034284450342844504
22586,0.034284450342844504
22587,0.034284450342844504
22588,0.1092436974789916
22589,0.2482758620689655
22590,0.9686847599164927
22591,0.05191256830601093
22592,0.034284450342844504
22593,0.034284450342844504
22594,0.29591836734693877
22595,0.927007299270073
22596,0.2482758620689655
22597,0.6792079207920793
22598,0.9686847599164927
22599,0.041044776119402986
22600,0.034284450342844504
22601,0.3088235294117647
22602,0.034284450342844504
22603,0.9686847599164927
22604,0.034284450342844504
22605,0.034284450342844504
22606,0.11702127659574468
22607,0.05
22608,0.9686847599164927
22609,0.034284450342844504
22610,0.034284450342844504
22611,0.034284450342844504
22612,0.9686847599164927
22613,0.05
22614,0.9686847599164927
22615,0.034284450342844504
22616,0.7369439071566731
22617,0.04897959183673469
22618,0.034284450342844504
22619,0.9686847599164927
22620,0.9686847599164927
22621,0.034284450342844504
22622,0.05191256830601093
22623,0.18281535648994515
22624,0.3088235294117647
22625,0.034284450342844504
22626,0.041044776119402986
22627,0.9686847599164927
22628,0.4314868804664723
22629,0.18281535648994515
22630,0.9686847599164927
22631,0.034284450342844504
22632,0.9686847599164927
22633,0.18281535648994515
22634,0.7369439071566731
22635,0.2482758620689655
22636,0.6701030927835051
22637,0.9686847599164927
22638,0.3088235294117647
22639,0.041044776119402986
22640,0.7369439071566731
22641,0.4314868804664723
22642,0.034284450342844504
22643,0.034284450342844504
22644,0.034284450342844504
22645,0.05191256830601093
22646,0.034284450342844504
22647,0.7369439071566731
22648,0.041044776119402986
22649,0.9686847599164927
22650,0.034284450342844504
22651,0.034284450342844504
22652,0.034284450342844504
22653,0.2482758620689655
22654,0.7369439071566731
22655,0.05191256830601093
22656,0.8614020950846092
22657,0.034284450342844504
22658,0.034284450342844504
22659,0.927007299270073
22660,0.034284450342844504
22661,0.18281535648994515
22662,0.9686847599164927
22663,0.3088235294117647
22664,0.034284450342844504
22665,0.041044776119402986
22666,0.034284450342844504
22667,0.18281535648994515
22668,0.48484848484848486
22669,0.034284450342844504
22670,0.034284450342844504
22671,0.034284450342844504
22672,0.041044776119402986
22673,0.034284450342844504
22674,0.034284450342844504
22675,0.39357429718875503
22676,0.034284450342844504
22677,0.954248366013072
22678,0.034284450342844504
22679,0.034284450342844504
22680,0.29591836734693877
22681,0.034284450342844504
22682,0.48484848484848486
22683,0.034284450342844504
22684,0.034284450342844504
22685,0.5929824561403508
22686,0.954248366013072
22687,0.05
22688,0.04897959183673469
22689,0.29591836734693877
22690,0.034284450342844504
22691,0.11702127659574468
22692,0.9686847599164927
22693,0.7369439071566731
22694,0.9686847599164927
22695,0.8614020950846092
22696,0.6792079207920793
22697,0.041044776119402986
22698,0.034284450342844504
22699,0.034284450342844504
22700,0.034284450342844504
22701,0.7369439071566731
22702,0.034284450342844504
22703,0.2482758620689655
22704,0.034284450342844504
22705,0.034284450342844504
22706,0.5929824561403508
22707,0.05191256830601093
22708,0.034284450342844504
22709,0.034284450342844504
22710,0.8614020950846092
22711,0.5929824561403508
22712,0.034284450342844504
22713,0.9686847599164927
22714,0.041044776119402986
22715,0.5929824561403508
22716,0.034284450342844504
22717,0.3088235294117647
22718,0.034284450342844504
22719,0.1092436974789916
22720,0.034284450342844504
22721,0.18281535648994515
22722,0.39357429718875503
22723,0.04897959183673469
22724,0.6870748299319728
22725,0.041044776119402986
22726,0.2482758620689655
22727,0.034284450342844504
22728,0.041044776119402986
22729,0.034284450342844504
22730,0.034284450342844504
22731,0.1092436974789916
22732,0.041044776119402986
22733,0.8184991273996509
22734,0.034284450342844504
22735,0.034284450342844504
22736,0.2482758620689655
22737,0.041044776119402986
22738,0.034284450342844504
22739,0.034284450342844504
22740,0.034284450342844504
22741,0.034284450342844504
22742,0.034284450342844504
22743,0.034284450342844504
22744,0.034284450342844504
22745,0.05191256830601093
22746,0.18281535648994515
22747,0.034284450342844504
22748,0.9038461538461539
22749,0.6792079207920793
22750,0.034284450342844504
22751,0.034284450342844504
22752,0.034284450342844504
22753,0.8614020950846092
22754,0.3088235294117647
22755,0.39357429718875503
22756,0.034284450342844504
22757,0.04897959183673469
22758,0.927007299270073
22759,0.04897959183673469
22760,0.034284450342844504
22761,0.041044776119402986
22762,0.05191256830601093
22763,0.9686847599164927
22764,0.034284450342844504
22765,0.9686847599164927
22766,0.3088235294117647
22767,0.2482758620689655
22768,0.18281535648994515
22769,0.034284450342844504
22770,0.7369439071566731
22771,0.29591836734693877
22772,0.05191256830601093
22773,0.8614020950846092
22774,0.7369439071566731
22775,0.034284450342844504
22776,0.45454545454545453
22777,0.034284450342844504
22778,0.3872832369942196
22779,0.034284450342844504
22780,0.3088235294117647
22781,0.6870748299319728
22782,0.034284450342844504
22783,0.034284450342844504
22784,0.04897959183673469
22785,0.034284450342844504
22786,0.29591836734693877
22787,0.5929824561403508
22788,0.034284450342844504
22789,0.927007299270073
22790,0.3088235294117647
22791,0.034284450342844504
22792,0.05191256830601093
22793,0.034284450342844504
22794,0.034284450342844504
22795,0.6701030927835051
22796,0.7369439071566731
22797,0.034284450342844504
22798,0.034284450342844504
22799,0.3088235294117647
22800,0.11702127659574468
22801,0.034284450342844504
22802,0.2482758620689655
22803,0.04897959183673469
22804,0.11702127659574468
22805,0.034284450342844504
22806,0.04897959183673469
22807,0.034284450342844504
22808,0.041044776119402986
22809,0.39357429718875503
22810,0.11702127659574468
22811,0.034284450342844504
22812,0.034284450342844504
22813,0.034284450342844504
22814,0.9686847599164927
22815,0.8614020950846092
22816,0.11702127659574468
22817,0.04897959183673469
22818,0.041044776119402986
22819,0.041044776119402986
22820,0.1092436974789916
22821,0.034284450342844504
22822,0.7369439071566731
22823,0.034284450342844504
22824,0.034284450342844504
22825,0.034284450342844504
22826,0.5929824561403508
22827,0.2482758620689655
22828,0.041044776119402986
22829,0.034284450342844504
22830,0.034284450342844504
22831,0.034284450342844504
22832,0.05191256830601093
22833,0.45161290322580644
22834,0.9686847599164927
22835,0.9686847599164927
22836,0.18281535648994515
22837,0.05
22838,0.6870748299319728
22839,0.9686847599164927
22840,0.9515151515151515
22841,0.034284450342844504
22842,0.034284450342844504
22843,0.034284450342844504
22844,0.11702127659574468
22845,0.927007299270073
22846,0.8614020950846092
22847,0.034284450342844504
22848,0.9686847599164927
22849,0.034284450342844504
22850,0.04897959183673469
22851,0.05
22852,0.034284450342844504
22853,0.8614020950846092
22854,0.05
22855,0.11702127659574468
22856,0.041044776119402986
22857,0.8614020950846092
22858,0.9686847599164927
22859,0.034284450342844504
22860,0.034284450342844504
22861,0.034284450342844504
22862,0.9983552631578947
22863,0.034284450342844504
22864,0.3872832369942196
22865,0.3872832369942196
22866,0.3088235294117647
22867,0.034284450342844504
22868,0.11702127659574468
22869,0.9686847599164927
22870,0.034284450342844504
22871,0.05191256830601093
22872,0.04897959183673469
22873,0.034284450342844504
22874,0.2482758620689655
22875,0.3872832369942196
22876,0.9515151515151515
22877,0.9686847599164927
22878,0.034284450342844504
22879,0.2482758620689655
22880,0.9686847599164927
22881,0.3088235294117647
22882,0.39357429718875503
22883,0.05
22884,0.11702127659574468
22885,0.8614020950846092
22886,0.36936936936936937
22887,0.2482758620689655
22888,0.041044776119402986
22889,0.034284450342844504
22890,0.041044776119402986
22891,0.034284450342844504
22892,0.6792079207920793
22893,0.6792079207920793
22894,0.8614020950846092
22895,0.18281535648994515
22896,0.8184991273996509
22897,0.034284450342844504
22898,0.3088235294117647
22899,0.9686847599164927
22900,0.05191256830601093
22901,0.05191256830601093
22902,0.034284450342844504
22903,0.9686847599164927
22904,0.18281535648994515
22905,0.3088235294117647
22906,0.11702127659574468
22907,0.6792079207920793
22908,0.034284450342844504
22909,0.2482758620689655
22910,0.6870748299319728
22911,0.11702127659574468
22912,0.11702127659574468
22913,0.034284450342844504
22914,0.034284450342844504
22915,0.041044776119402986
22916,0.04897959183673469
22917,0.034284450342844504
22918,0.034284450342844504
22919,0.9686847599164927
22920,0.034284450342844504
22921,0.9686847599164927
22922,0.8184991273996509
22923,0.18281535648994515
22924,0.034284450342844504
22925,0.034284450342844504
22926,0.034284450342844504
22927,0.034284450342844504
22928,0.034284450342844504
22929,0.18281535648994515
22930,0.2482758620689655
22931,0.034284450342844504
22932,0.034284450342844504
22933,0.9686847599164927
22934,0.034284450342844504
22935,0.034284450342844504
22936,0.927007299270073
22937,0.1092436974789916
22938,0.11702127659574468
22939,0.3872832369942196
22940,0.1092436974789916
22941,0.9686847599164927
22942,0.034284450342844504
22943,0.034284450342844504
22944,0.034284450342844504
22945,0.041044776119402986
22946,0.034284450342844504
22947,0.29591836734693877
22948,0.034284450342844504
22949,0.5929824561403508
22950,0.04897959183673469
22951,0.034284450342844504
22952,0.18281535648994515
22953,0.9686847599164927
22954,0.034284450342844504
22955,0.034284450342844504
22956,0.39357429718875503
22957,0.034284450342844504
22958,0.034284450342844504
22959,0.034284450342844504
22960,0.6870748299319728
22961,0.034284450342844504
22962,0.39357429718875503
22963,0.3872832369942196
22964,0.034284450342844504
22965,0.034284450342844504
22966,0.2482758620689655
22967,0.034284450342844504
22968,0.9686847599164927
22969,0.034284450342844504
22970,0.29591836734693877
22971,0.04897959183673469
22972,0.034284450342844504
22973,0.04897959183673469
22974,0.5929824561403508
22975,0.48484848484848486
22976,0.034284450342844504
22977,0.034284450342844504
22978,0.034284450342844504
22979,0.7369439071566731
22980,0.7369439071566731
22981,0.034284450342844504
22982,0.8184991273996509
22983,0.041044776119402986
22984,0.425
22985,0.034284450342844504
22986,0.034284450342844504
22987,0.034284450342844504
22988,0.4314868804664723
22989,0.927007299270073
22990,0.034284450342844504
22991,0.041044776119402986
22992,0.041044776119402986
22993,0.04897959183673469
22994,0.034284450342844504
22995,0.034284450342844504
22996,0.034284450342844504
22997,0.034284450342844504
22998,0.034284450342844504
22999,0.05191256830601093
23000,0.034284450342844504
23001,0.39357429718875503
23002,0.9515151515151515
23003,0.2482758620689655
23004,0.39357429718875503
23005,0.034284450342844504
23006,0.034284450342844504
23007,0.5929824561403508
23008,0.29591836734693877
23009,0.9686847599164927
23010,0.034284450342844504
23011,0.034284450342844504
23012,0.45161290322580644
23013,0.9686847599164927
23014,0.034284450342844504
23015,0.7369439071566731
23016,0.6870748299319728
23017,0.9983552631578947
23018,0.3088235294117647
23019,0.034284450342844504
23020,0.034284450342844504
23021,0.9686847599164927
23022,0.034284450342844504
23023,0.3088235294117647
23024,0.9686847599164927
23025,0.4314868804664723
23026,0.6792079207920793
23027,0.2482758620689655
23028,0.041044776119402986
23029,0.5929824561403508
23030,0.3088235294117647
23031,0.5929824561403508
23032,0.45161290322580644
23033,0.1092436974789916
23034,0.034284450342844504
23035,0.034284450342844504
23036,0.36936936936936937
23037,0.041044776119402986
23038,0.034284450342844504
23039,0.18281535648994515
23040,0.9686847599164927
23041,0.034284450342844504
23042,0.425
23043,0.6792079207920793
23044,0.034284450342844504
23045,0.9983552631578947
23046,0.041044776119402986
23047,0.04897959183673469
23048,0.034284450342844504
23049,0.034284450342844504
23050,0.9983552631578947
23051,0.2482758620689655
23052,0.05
23053,0.034284450342844504
23054,0.034284450342844504
23055,0.9686847599164927
23056,0.034284450342844504
23057,0.45454545454545453
23058,0.2482758620689655
23059,0.034284450342844504
23060,0.034284450342844504
23061,0.041044776119402986
23062,0.2482758620689655
23063,0.3088235294117647
23064,0.9686847599164927
23065,0.11702127659574468
23066,0.45454545454545453
23067,0.39357429718875503
23068,0.927007299270073
23069,0.034284450342844504
23070,0.034284450342844504
23071,0.9686847599164927
23072,0.3088235294117647
23073,0.8614020950846092
23074,0.04897959183673469
23075,0.05191256830601093
23076,0.034284450342844504
23077,0.041044776119402986
23078,0.04897959183673469
23079,0.11702127659574468
23080,0.034284450342844504
23081,0.6792079207920793
23082,0.034284450342844504
23083,0.034284450342844504
23084,0.9038461538461539
23085,0.05191256830601093
23086,0.034284450342844504
23087,0.7369439071566731
23088,0.11702127659574468
23089,0.4314868804664723
23090,0.034284450342844504
23091,0.041044776119402986
23092,0.034284450342844504
23093,0.4314868804664723
23094,0.1092436974789916
23095,0.034284450342844504
23096,0.18281535648994515
23097,0.18281535648994515
23098,0.4314868804664723
23099,0.034284450342844504
23100,0.034284450342844504
23101,0.9686847599164927
23102,0.05191256830601093
23103,0.05191256830601093
23104,0.034284450342844504
23105,0.6792079207920793
23106,0.034284450342844504
23107,0.034284450342844504
23108,0.034284450342844504
23109,0.927007299270073
23110,0.425
23111,0.034284450342844504
23112,0.29591836734693877
23113,0.11702127659574468
23114,0.034284450342844504
23115,0.39357429718875503
23116,0.041044776119402986
23117,0.9686847599164927
23118,0.034284450342844504
23119,0.034284450342844504
23120,0.034284450342844504
23121,0.034284450342844504
23122,0.034284450342844504
23123,0.11702127659574468
23124,0.9686847599164927
23125,0.05191256830601093
23126,0.39357429718875503
23127,0.034284450342844504
23128,0.041044776119402986
23129,0.9686847599164927
23130,0.034284450342844504
23131,0.041044776119402986
23132,0.034284450342844504
23133,0.6701030927835051
23134,0.8184991273996509
23135,0.7369439071566731
23136,0.11702127659574468
23137,0.8614020950846092
23138,0.4314868804664723
23139,0.034284450342844504
23140,0.6792079207920793
23141,0.11702127659574468
23142,0.8614020950846092
23143,0.034284450342844504
23144,0.9686847599164927
23145,0.034284450342844504
23146,0.927007299270073
23147,0.1092436974789916
23148,0.04897959183673469
23149,0.034284450342844504
23150,0.2482758620689655
23151,0.034284450342844504
23152,0.034284450342844504
23153,0.3088235294117647
23154,0.7369439071566731
23155,0.11702127659574468
23156,0.034284450342844504
23157,0.04897959183673469
23158,0.041044776119402986
23159,0.041044776119402986
23160,0.39357429718875503
23161,0.1092436974789916
23162,0.9686847599164927
23163,0.5929824561403508
23164,0.034284450342844504
23165,0.034284450342844504
23166,0.9983552631578947
23167,0.2482758620689655
23168,0.9686847599164927
23169,0.05
23170,0.034284450342844504
23171,0.9686847599164927
23172,0.6701030927835051
23173,0.04897959183673469
23174,0.034284450342844504
23175,0.034284450342844504
23176,0.39357429718875503
23177,0.18281535648994515
23178,0.9686847599164927
23179,0.034284450342844504
23180,0.04897959183673469
23181,0.9038461538461539
23182,0.3088235294117647
23183,0.9686847599164927
23184,0.29591836734693877
23185,0.18281535648994515
23186,0.04897959183673469
23187,0.9686847599164927
23188,0.034284450342844504
23189,0.18281535648994515
23190,0.04897959183673469
23191,0.04897959183673469
23192,0.05191256830601093
23193,0.034284450342844504
23194,0.034284450342844504
23195,0.3088235294117647
23196,0.04897959183673469
23197,0.5929824561403508
23198,0.04897959183673469
23199,0.29591836734693877
23200,0.9686847599164927
23201,0.034284450342844504
23202,0.8184991273996509
23203,0.45161290322580644
23204,0.04897959183673469
23205,0.05191256830601093
23206,0.9686847599164927
23207,0.2482758620689655
23208,0.954248366013072
23209,0.034284450342844504
23210,0.9515151515151515
23211,0.3088235294117647
23212,0.3872832369942196
23213,0.18281535648994515
23214,0.034284450342844504
23215,0.034284450342844504
23216,0.05
23217,0.8184991273996509
23218,0.8614020950846092
23219,0.034284450342844504
23220,0.18281535648994515
23221,0.18281535648994515
23222,0.04897959183673469
23223,0.041044776119402986
23224,0.7369439071566731
23225,0.034284450342844504
23226,0.11702127659574468
23227,0.034284450342844504
23228,0.034284450342844504
23229,0.041044776119402986
23230,0.18281535648994515
23231,0.39357429718875503
23232,0.034284450342844504
23233,0.034284450342844504
23234,0.034284450342844504
23235,0.45454545454545453
23236,0.4314868804664723
23237,0.04897959183673469
23238,0.18281535648994515
23239,0.04897959183673469
23240,0.9686847599164927
23241,0.034284450342844504
23242,0.034284450342844504
23243,0.45454545454545453
23244,0.2482758620689655
23245,0.9686847599164927
23246,0.9686847599164927
23247,0.3088235294117647
23248,0.034284450342844504
23249,0.2482758620689655
23250,0.9686847599164927
23251,0.04897959183673469
23252,0.041044776119402986
23253,0.36936936936936937
23254,0.04897959183673469
23255,0.034284450342844504
23256,0.034284450342844504
23257,0.034284450342844504
23258,0.3088235294117647
23259,0.6701030927835051
23260,0.9686847599164927
23261,0.9686847599164927
23262,0.041044776119402986
23263,0.18281535648994515
23264,0.041044776119402986
23265,0.034284450342844504
23266,0.2482758620689655
23267,0.29591836734693877
23268,0.7369439071566731
23269,0.034284450342844504
23270,0.9686847599164927
23271,0.6870748299319728
23272,0.034284450342844504
23273,0.39357429718875503
23274,0.36936936936936937
23275,0.034284450342844504
23276,0.9983552631578947
23277,0.3088235294117647
23278,0.11702127659574468
23279,0.927007299270073
23280,0.927007299270073
23281,0.3872832369942196
23282,0.9983552631578947
23283,0.04897959183673469
23284,0.927007299270073
23285,0.034284450342844504
23286,0.034284450342844504
23287,0.3088235294117647
23288,0.034284450342844504
23289,0.11702127659574468
23290,0.05191256830601093
23291,0.36936936936936937
23292,0.18281535648994515
23293,0.034284450342844504
23294,0.39357429718875503
23295,0.034284450342844504
23296,0.39357429718875503
23297,0.4314868804664723
23298,0.4314868804664723
23299,0.034284450342844504
23300,0.034284450342844504
23301,0.8614020950846092
23302,0.9686847599164927
23303,0.8184991273996509
23304,0.9686847599164927
23305,0.45161290322580644
23306,0.8614020950846092
23307,0.034284450342844504
23308,0.927007299270073
23309,0.39357429718875503
23310,0.034284450342844504
23311,0.8614020950846092
23312,0.4314868804664723
23313,0.034284450342844504
23314,0.6870748299319728
23315,0.034284450342844504
23316,0.8614020950846092
23317,0.3088235294117647
23318,0.05191256830601093
23319,0.6792079207920793
23320,0.8614020950846092
23321,0.4314868804664723
23322,0.8184991273996509
23323,0.034284450342844504
23324,0.18281535648994515
23325,0.034284450342844504
23326,0.034284450342844504
23327,0.034284450342844504
23328,0.9983552631578947
23329,0.18281535648994515
23330,0.034284450342844504
23331,0.034284450342844504
23332,0.3088235294117647
23333,0.36936936936936937
23334,0.05191256830601093
23335,0.18281535648994515
23336,0.034284450342844504
23337,0.11702127659574468
23338,0.9686847599164927
23339,0.927007299270073
23340,0.6792079207920793
23341,0.2482758620689655
23342,0.041044776119402986
23343,0.041044776119402986
23344,0.034284450342844504
23345,0.4314868804664723
23346,0.927007299270073
23347,0.18281535648994515
23348,0.034284450342844504
23349,0.034284450342844504
23350,0.3088235294117647
23351,0.9686847599164927
23352,0.034284450342844504
23353,0.034284450342844504
23354,0.927007299270073
23355,0.8614020950846092
23356,0.034284450342844504
23357,0.29591836734693877
23358,0.9686847599164927
23359,0.04897959183673469
23360,0.05191256830601093
23361,0.05191256830601093
23362,0.48484848484848486
23363,0.5929824561403508
23364,0.6701030927835051
23365,0.8614020950846092
23366,0.034284450342844504
23367,0.034284450342844504
23368,0.6792079207920793
23369,0.18281535648994515
23370,0.3088235294117647
23371,0.3872832369942196
23372,0.36936936936936937
23373,0.034284450342844504
23374,0.041044776119402986
23375,0.034284450342844504
23376,0.9983552631578947
23377,0.034284450342844504
23378,0.9983552631578947
23379,0.8614020950846092
23380,0.034284450342844504
23381,0.3872832369942196
23382,0.034284450342844504
23383,0.9038461538461539
23384,0.034284450342844504
23385,0.3088235294117647
23386,0.05
23387,0.8184991273996509
23388,0.9686847599164927
23389,0.6792079207920793
23390,0.9686847599164927
23391,0.034284450342844504
23392,0.034284450342844504
23393,0.05191256830601093
23394,0.3088235294117647
23395,0.034284450342844504
23396,0.18281535648994515
23397,0.8614020950846092
23398,0.18281535648994515
23399,0.2482758620689655
23400,0.18281535648994515
23401,0.034284450342844504
23402,0.1092436974789916
23403,0.39357429718875503
23404,0.11702127659574468
23405,0.8184991273996509
23406,0.9686847599164927
23407,0.04897959183673469
23408,0.05191256830601093
23409,0.425
23410,0.034284450342844504
23411,0.29591836734693877
23412,0.3088235294117647
23413,0.04897959183673469
23414,0.05191256830601093
23415,0.034284450342844504
23416,0.034284450342844504
23417,0.04897959183673469
23418,0.05191256830601093
23419,0.034284450342844504
23420,0.034284450342844504
23421,0.8184991273996509
23422,0.3088235294117647
23423,0.034284450342844504
23424,0.05191256830601093
23425,0.39357429718875503
23426,0.034284450342844504
23427,0.034284450342844504
23428,0.04897959183673469
23429,0.034284450342844504
23430,0.05
23431,0.8614020950846092
23432,0.034284450342844504
23433,0.8614020950846092
23434,0.11702127659574468
23435,0.034284450342844504
23436,0.8614020950846092
23437,0.2482758620689655
23438,0.45161290322580644
23439,0.5929824561403508
23440,0.6701030927835051
23441,0.034284450342844504
23442,0.8184991273996509
23443,0.034284450342844504
23444,0.2482758620689655
23445,0.034284450342844504
23446,0.041044776119402986
23447,0.034284450342844504
23448,0.7369439071566731
23449,0.6870748299319728
23450,0.034284450342844504
23451,0.034284450342844504
23452,0.04897959183673469
23453,0.927007299270073
23454,0.9686847599164927
23455,0.034284450342844504
23456,0.034284450342844504
23457,0.9686847599164927
23458,0.3088235294117647
23459,0.05
23460,0.04897959183673469
23461,0.3088235294117647
23462,0.034284450342844504
23463,0.8614020950846092
23464,0.034284450342844504
23465,0.8614020950846092
23466,0.425
23467,0.034284450342844504
23468,0.041044776119402986
23469,0.034284450342844504
23470,0.041044776119402986
23471,0.034284450342844504
23472,0.8614020950846092
23473,0.8614020950846092
23474,0.18281535648994515
23475,0.034284450342844504
23476,0.9686847599164927
23477,0.8184991273996509
23478,0.2482758620689655
23479,0.29591836734693877
23480,0.034284450342844504
23481,0.29591836734693877
23482,0.18281535648994515
23483,0.034284450342844504
23484,0.9686847599164927
23485,0.034284450342844504
23486,0.034284450342844504
23487,0.034284450342844504
23488,0.034284450342844504
23489,0.04897959183673469
23490,0.3872832369942196
23491,0.034284450342844504
23492,0.927007299270073
23493,0.034284450342844504
23494,0.425
23495,0.2482758620689655
23496,0.04897959183673469
23497,0.9686847599164927
23498,0.05191256830601093
23499,0.034284450342844504
23500,0.034284450342844504
23501,0.034284450342844504
23502,0.034284450342844504
23503,0.11702127659574468
23504,0.7369439071566731
23505,0.034284450342844504
23506,0.034284450342844504
23507,0.05191256830601093
23508,0.1092436974789916
23509,0.11702127659574468
23510,0.034284450342844504
23511,0.7369439071566731
23512,0.9686847599164927
23513,0.04897959183673469
23514,0.9983552631578947
23515,0.3088235294117647
23516,0.034284450342844504
23517,0.034284450342844504
23518,0.034284450342844504
23519,0.034284450342844504
23520,0.39357429718875503
23521,0.9686847599164927
23522,0.11702127659574468
23523,0.041044776119402986
23524,0.034284450342844504
23525,0.7369439071566731
23526,0.9686847599164927
23527,0.4314868804664723
23528,0.425
23529,0.11702127659574468
23530,0.927007299270073
23531,0.8184991273996509
23532,0.04897959183673469
23533,0.041044776119402986
23534,0.034284450342844504
23535,0.041044776119402986
23536,0.034284450342844504
23537,0.034284450342844504
23538,0.8184991273996509
23539,0.034284450342844504
23540,0.45161290322580644
23541,0.034284450342844504
23542,0.3088235294117647
23543,0.034284450342844504
23544,0.034284450342844504
23545,0.2482758620689655
23546,0.954248366013072
23547,0.034284450342844504
23548,0.48484848484848486
23549,0.48484848484848486
23550,0.8184991273996509
23551,0.034284450342844504
23552,0.034284450342844504
23553,0.927007299270073
23554,0.034284450342844504
23555,0.9983552631578947
23556,0.05191256830601093
23557,0.041044776119402986
23558,0.034284450342844504
23559,0.041044776119402986
23560,0.04897959183673469
23561,0.9686847599164927
23562,0.034284450342844504
23563,0.29591836734693877
23564,0.034284450342844504
23565,0.45161290322580644
23566,0.11702127659574468
23567,0.8614020950846092
23568,0.18281535648994515
23569,0.927007299270073
23570,0.9686847599164927
23571,0.9686847599164927
23572,0.034284450342844504
23573,0.034284450342844504
23574,0.034284450342844504
23575,0.034284450342844504
23576,0.034284450342844504
23577,0.034284450342844504
23578,0.034284450342844504
23579,0.8184991273996509
23580,0.6870748299319728
23581,0.041044776119402986
23582,0.034284450342844504
23583,0.034284450342844504
23584,0.034284450342844504
23585,0.034284450342844504
23586,0.041044776119402986
23587,0.034284450342844504
23588,0.034284450342844504
23589,0.4314868804664723
23590,0.034284450342844504
23591,0.041044776119402986
23592,0.034284450342844504
23593,0.034284450342844504
23594,0.11702127659574468
23595,0.9686847599164927
23596,0.7369439071566731
23597,0.9983552631578947
23598,0.3088235294117647
23599,0.05191256830601093
23600,0.041044776119402986
23601,0.2482758620689655
23602,0.3088235294117647
23603,0.034284450342844504
23604,0.041044776119402986
23605,0.034284450342844504
23606,0.9515151515151515
23607,0.9515151515151515
23608,0.034284450342844504
23609,0.18281535648994515
23610,0.11702127659574468
23611,0.034284450342844504
23612,0.2482758620689655
23613,0.45161290322580644
23614,0.034284450342844504
23615,0.927007299270073
23616,0.4314868804664723
23617,0.034284450342844504
23618,0.9686847599164927
23619,0.034284450342844504
23620,0.034284450342844504
23621,0.4314868804664723
23622,0.2482758620689655
23623,0.034284450342844504
23624,0.39357429718875503
23625,0.9686847599164927
23626,0.034284450342844504
23627,0.034284450342844504
23628,0.034284450342844504
23629,0.034284450342844504
23630,0.18281535648994515
23631,0.9983552631578947
23632,0.034284450342844504
23633,0.9686847599164927
23634,0.034284450342844504
23635,0.041044776119402986
23636,0.18281535648994515
23637,0.034284450342844504
23638,0.05
23639,0.034284450342844504
23640,0.034284450342844504
23641,0.034284450342844504
23642,0.1092436974789916
23643,0.3088235294117647
23644,0.3872832369942196
23645,0.034284450342844504
23646,0.7369439071566731
23647,0.034284450342844504
23648,0.4314868804664723
23649,0.3088235294117647
23650,0.9686847599164927
23651,0.034284450342844504
23652,0.04897959183673469
23653,0.9686847599164927
23654,0.034284450342844504
23655,0.8614020950846092
23656,0.041044776119402986
23657,0.5929824561403508
23658,0.8614020950846092
23659,0.05191256830601093
23660,0.11702127659574468
23661,0.041044776119402986
23662,0.29591836734693877
23663,0.034284450342844504
23664,0.9686847599164927
23665,0.034284450342844504
23666,0.034284450342844504
23667,0.36936936936936937
23668,0.034284450342844504
23669,0.9686847599164927
23670,0.05191256830601093
23671,0.18281535648994515
23672,0.18281535648994515
23673,0.034284450342844504
23674,0.9515151515151515
23675,0.3088235294117647
23676,0.034284450342844504
23677,0.5929824561403508
23678,0.9686847599164927
23679,0.2482758620689655
23680,0.04897959183673469
23681,0.4314868804664723
23682,0.034284450342844504
23683,0.8614020950846092
23684,0.034284450342844504
23685,0.8184991273996509
23686,0.11702127659574468
23687,0.9686847599164927
23688,0.034284450342844504
23689,0.18281535648994515
23690,0.39357429718875503
23691,0.39357429718875503
23692,0.034284450342844504
23693,0.9983552631578947
23694,0.9686847599164927
23695,0.034284450342844504
23696,0.39357429718875503
23697,0.034284450342844504
23698,0.7369439071566731
23699,0.1092436974789916
23700,0.041044776119402986
23701,0.034284450342844504
23702,0.8614020950846092
23703,0.034284450342844504
23704,0.3088235294117647
23705,0.034284450342844504
23706,0.034284450342844504
23707,0.18281535648994515
23708,0.2482758620689655
23709,0.041044776119402986
23710,0.034284450342844504
23711,0.18281535648994515
23712,0.034284450342844504
23713,0.041044776119402986
23714,0.9515151515151515
23715,0.9686847599164927
23716,0.04897959183673469
23717,0.18281535648994515
23718,0.034284450342844504
23719,0.034284450342844504
23720,0.8614020950846092
23721,0.034284450342844504
23722,0.034284450342844504
23723,0.9983552631578947
23724,0.05191256830601093
23725,0.034284450342844504
23726,0.034284450342844504
23727,0.3088235294117647
23728,0.8614020950846092
23729,0.034284450342844504
23730,0.9686847599164927
23731,0.18281535648994515
23732,0.034284450342844504
23733,0.034284450342844504
23734,0.9686847599164927
23735,0.034284450342844504
23736,0.034284450342844504
23737,0.034284450342844504
23738,0.041044776119402986
23739,0.48484848484848486
23740,0.04897959183673469
23741,0.927007299270073
23742,0.425
23743,0.034284450342844504
23744,0.1092436974789916
23745,0.9686847599164927
23746,0.04897959183673469
23747,0.041044776119402986
23748,0.9686847599164927
23749,0.39357429718875503
23750,0.39357429718875503
23751,0.18281535648994515
23752,0.9686847599164927
23753,0.034284450342844504
23754,0.034284450342844504
23755,0.3088235294117647
23756,0.18281535648994515
23757,0.6701030927835051
23758,0.034284450342844504
23759,0.6792079207920793
23760,0.034284450342844504
23761,0.034284450342844504
23762,0.034284450342844504
23763,0.9686847599164927
23764,0.034284450342844504
23765,0.05191256830601093
23766,0.034284450342844504
23767,0.04897959183673469
23768,0.9686847599164927
23769,0.29591836734693877
23770,0.3088235294117647
23771,0.04897959183673469
23772,0.29591836734693877
23773,0.034284450342844504
23774,0.39357429718875503
23775,0.927007299270073
23776,0.034284450342844504
23777,0.041044776119402986
23778,0.9686847599164927
23779,0.36936936936936937
23780,0.9686847599164927
23781,0.05191256830601093
23782,0.2482758620689655
23783,0.034284450342844504
23784,0.034284450342844504
23785,0.034284450342844504
23786,0.927007299270073
23787,0.3088235294117647
23788,0.3088235294117647
23789,0.3872832369942196
23790,0.8184991273996509
23791,0.034284450342844504
23792,0.034284450342844504
23793,0.034284450342844504
23794,0.034284450342844504
23795,0.034284450342844504
23796,0.034284450342844504
23797,0.9686847599164927
23798,0.034284450342844504
23799,0.927007299270073
23800,0.29591836734693877
23801,0.3088235294117647
23802,0.6870748299319728
23803,0.9686847599164927
23804,0.05191256830601093
23805,0.9686847599164927
23806,0.8184991273996509
23807,0.45161290322580644
23808,0.04897959183673469
23809,0.8184991273996509
23810,0.034284450342844504
23811,0.8614020950846092
23812,0.9686847599164927
23813,0.3088235294117647
23814,0.034284450342844504
23815,0.034284450342844504
23816,0.041044776119402986
23817,0.9686847599164927
23818,0.034284450342844504
23819,0.6792079207920793
23820,0.034284450342844504
23821,0.034284450342844504
23822,0.034284450342844504
23823,0.11702127659574468
23824,0.034284450342844504
23825,0.041044776119402986
23826,0.8614020950846092
23827,0.45161290322580644
23828,0.034284450342844504
23829,0.05191256830601093
23830,0.11702127659574468
23831,0.425
23832,0.9686847599164927
23833,0.034284450342844504
23834,0.034284450342844504
23835,0.034284450342844504
23836,0.034284450342844504
23837,0.18281535648994515
23838,0.041044776119402986
23839,0.04897959183673469
23840,0.3872832369942196
23841,0.9686847599164927
23842,0.39357429718875503
23843,0.034284450342844504
23844,0.3088235294117647
23845,0.6792079207920793
23846,0.034284450342844504
23847,0.034284450342844504
23848,0.034284450342844504
23849,0.9686847599164927
23850,0.034284450342844504
23851,0.7369439071566731
23852,0.034284450342844504
23853,0.034284450342844504
23854,0.8184991273996509
23855,0.18281535648994515
23856,0.425
23857,0.3088235294117647
23858,0.4314868804664723
23859,0.034284450342844504
23860,0.034284450342844504
23861,0.034284450342844504
23862,0.034284450342844504
23863,0.034284450342844504
23864,0.034284450342844504
23865,0.2482758620689655
23866,0.1092436974789916
23867,0.9686847599164927
23868,0.2482758620689655
23869,0.034284450342844504
23870,0.034284450342844504
23871,0.927007299270073
23872,0.18281535648994515
23873,0.034284450342844504
23874,0.8614020950846092
23875,0.034284450342844504
23876,0.18281535648994515
23877,0.05191256830601093
23878,0.9686847599164927
23879,0.18281535648994515
23880,0.034284450342844504
23881,0.9686847599164927
23882,0.9686847599164927
23883,0.4314868804664723
23884,0.034284450342844504
23885,0.9686847599164927
23886,0.034284450342844504
23887,0.034284450342844504
23888,0.3088235294117647
23889,0.425
23890,0.034284450342844504
23891,0.034284450342844504
23892,0.4314868804664723
23893,0.034284450342844504
23894,0.3088235294117647
23895,0.034284450342844504
23896,0.8614020950846092
23897,0.3872832369942196
23898,0.034284450342844504
23899,0.041044776119402986
23900,0.034284450342844504
23901,0.04897959183673469
23902,0.034284450342844504
23903,0.034284450342844504
23904,0.18281535648994515
23905,0.041044776119402986
23906,0.034284450342844504
23907,0.034284450342844504
23908,0.034284450342844504
23909,0.034284450342844504
23910,0.034284450342844504
23911,0.034284450342844504
23912,0.2482758620689655
23913,0.034284450342844504
23914,0.034284450342844504
23915,0.034284450342844504
23916,0.6701030927835051
23917,0.034284450342844504
23918,0.927007299270073
23919,0.034284450342844504
23920,0.6792079207920793
23921,0.034284450342844504
23922,0.034284450342844504
23923,0.8614020950846092
23924,0.034284450342844504
23925,0.9983552631578947
23926,0.034284450342844504
23927,0.6701030927835051
23928,0.05191256830601093
23929,0.9038461538461539
23930,0.034284450342844504
23931,0.034284450342844504
23932,0.1092436974789916
23933,0.18281535648994515
23934,0.05
23935,0.041044776119402986
23936,0.034284450342844504
23937,0.11702127659574468
23938,0.04897959183673469
23939,0.8614020950846092
23940,0.6792079207920793
23941,0.9686847599164927
23942,0.05191256830601093
23943,0.034284450342844504
23944,0.4314868804664723
23945,0.2482758620689655
23946,0.034284450342844504
23947,0.041044776119402986
23948,0.927007299270073
23949,0.034284450342844504
23950,0.034284450342844504
23951,0.034284450342844504
23952,0.041044776119402986
23953,0.034284450342844504
23954,0.2482758620689655
23955,0.05191256830601093
23956,0.2482758620689655
23957,0.034284450342844504
23958,0.7369439071566731
23959,0.034284450342844504
23960,0.2482758620689655
23961,0.29591836734693877
23962,0.034284450342844504
23963,0.6701030927835051
23964,0.2482758620689655
23965,0.034284450342844504
23966,0.034284450342844504
23967,0.034284450342844504
23968,0.04897959183673469
23969,0.04897959183673469
23970,0.8614020950846092
23971,0.034284450342844504
23972,0.034284450342844504
23973,0.034284450342844504
23974,0.8184991273996509
23975,0.9686847599164927
23976,0.034284450342844504
23977,0.9686847599164927
23978,0.034284450342844504
23979,0.6792079207920793
23980,0.6792079207920793
23981,0.034284450342844504
23982,0.2482758620689655
23983,0.9686847599164927
23984,0.18281535648994515
23985,0.034284450342844504
23986,0.041044776119402986
23987,0.4314868804664723
23988,0.034284450342844504
23989,0.29591836734693877
23990,0.29591836734693877
23991,0.8614020950846092
23992,0.3872832369942196
23993,0.034284450342844504
23994,0.8614020950846092
23995,0.3088235294117647
23996,0.3088235294117647
23997,0.11702127659574468
23998,0.9686847599164927
23999,0.3872832369942196
24000,0.034284450342844504
24001,0.034284450342844504
24002,0.04897959183673469
24003,0.18281535648994515
24004,0.3088235294117647
24005,0.6792079207920793
24006,0.3088235294117647
24007,0.034284450342844504
24008,0.034284450342844504
24009,0.034284450342844504
24010,0.034284450342844504
24011,0.034284450342844504
24012,0.05191256830601093
24013,0.45454545454545453
24014,0.954248366013072
24015,0.9038461538461539
24016,0.034284450342844504
24017,0.6792079207920793
24018,0.034284450342844504
24019,0.034284450342844504
24020,0.04897959183673469
24021,0.041044776119402986
24022,0.05191256830601093
24023,0.9686847599164927
24024,0.8614020950846092
24025,0.034284450342844504
24026,0.034284450342844504
24027,0.034284450342844504
24028,0.05191256830601093
24029,0.8614020950846092
24030,0.034284450342844504
24031,0.034284450342844504
24032,0.6792079207920793
24033,0.034284450342844504
24034,0.2482758620689655
24035,0.034284450342844504
24036,0.6792079207920793
24037,0.034284450342844504
24038,0.3088235294117647
24039,0.9686847599164927
24040,0.034284450342844504
24041,0.9686847599164927
24042,0.9038461538461539
24043,0.2482758620689655
24044,0.8614020950846092
24045,0.9983552631578947
24046,0.39357429718875503
24047,0.034284450342844504
24048,0.3088235294117647
24049,0.3088235294117647
24050,0.2482758620689655
24051,0.034284450342844504
24052,0.034284450342844504
24053,0.18281535648994515
24054,0.034284450342844504
24055,0.7369439071566731
24056,0.034284450342844504
24057,0.2482758620689655
24058,0.29591836734693877
24059,0.9686847599164927
24060,0.9686847599164927
24061,0.034284450342844504
24062,0.05191256830601093
24063,0.18281535648994515
24064,0.1092436974789916
24065,0.034284450342844504
24066,0.05191256830601093
24067,0.034284450342844504
24068,0.2482758620689655
24069,0.034284450342844504
24070,0.2482758620689655
24071,0.2482758620689655
24072,0.3088235294117647
24073,0.9686847599164927
24074,0.05191256830601093
24075,0.9686847599164927
24076,0.041044776119402986
24077,0.05
24078,0.034284450342844504
24079,0.9686847599164927
24080,0.2482758620689655
24081,0.034284450342844504
24082,0.8614020950846092
24083,0.8614020950846092
24084,0.034284450342844504
24085,0.39357429718875503
24086,0.034284450342844504
24087,0.11702127659574468
24088,0.425
24089,0.8614020950846092
24090,0.041044776119402986
24091,0.425
24092,0.034284450342844504
24093,0.041044776119402986
24094,0.3088235294117647
24095,0.034284450342844504
24096,0.6792079207920793
24097,0.3088235294117647
24098,0.6792079207920793
24099,0.3088235294117647
24100,0.034284450342844504
24101,0.48484848484848486
24102,0.034284450342844504
24103,0.9983552631578947
24104,0.041044776119402986
24105,0.2482758620689655
24106,0.034284450342844504
24107,0.034284450342844504
24108,0.034284450342844504
24109,0.9686847599164927
24110,0.9686847599164927
24111,0.954248366013072
24112,0.6792079207920793
24113,0.034284450342844504
24114,0.04897959183673469
24115,0.034284450342844504
24116,0.9686847599164927
24117,0.3088235294117647
24118,0.034284450342844504
24119,0.3088235294117647
24120,0.041044776119402986
24121,0.4314868804664723
24122,0.034284450342844504
24123,0.034284450342844504
24124,0.3872832369942196
24125,0.034284450342844504
24126,0.04897959183673469
24127,0.034284450342844504
24128,0.034284450342844504
24129,0.034284450342844504
24130,0.18281535648994515
24131,0.11702127659574468
24132,0.034284450342844504
24133,0.11702127659574468
24134,0.9686847599164927
24135,0.8614020950846092
24136,0.2482758620689655
24137,0.034284450342844504
24138,0.034284450342844504
24139,0.034284450342844504
24140,0.034284450342844504
24141,0.9686847599164927
24142,0.2482758620689655
24143,0.9983552631578947
24144,0.8184991273996509
24145,0.034284450342844504
24146,0.2482758620689655
24147,0.36936936936936937
24148,0.041044776119402986
24149,0.034284450342844504
24150,0.6792079207920793
24151,0.6792079207920793
24152,0.927007299270073
24153,0.05191256830601093
24154,0.2482758620689655
24155,0.39357429718875503
24156,0.3088235294117647
24157,0.034284450342844504
24158,0.2482758620689655
24159,0.05191256830601093
24160,0.29591836734693877
24161,0.9686847599164927
24162,0.034284450342844504
24163,0.48484848484848486
24164,0.041044776119402986
24165,0.034284450342844504
24166,0.041044776119402986
24167,0.9686847599164927
24168,0.05191256830601093
24169,0.034284450342844504
24170,0.04897959183673469
24171,0.36936936936936937
24172,0.034284450342844504
24173,0.034284450342844504
24174,0.9686847599164927
24175,0.29591836734693877
24176,0.034284450342844504
24177,0.3088235294117647
24178,0.9686847599164927
24179,0.041044776119402986
24180,0.3088235294117647
24181,0.29591836734693877
24182,0.034284450342844504
24183,0.034284450342844504
24184,0.8614020950846092
24185,0.9686847599164927
24186,0.05191256830601093
24187,0.034284450342844504
24188,0.034284450342844504
24189,0.041044776119402986
24190,0.3088235294117647
24191,0.034284450342844504
24192,0.9686847599164927
24193,0.034284450342844504
24194,0.034284450342844504
24195,0.034284450342844504
24196,0.04897959183673469
24197,0.39357429718875503
24198,0.034284450342844504
24199,0.9686847599164927
24200,0.05
24201,0.034284450342844504
24202,0.11702127659574468
24203,0.425
24204,0.04897959183673469
24205,0.041044776119402986
24206,0.3088235294117647
24207,0.18281535648994515
24208,0.034284450342844504
24209,0.041044776119402986
24210,0.04897959183673469
24211,0.05
24212,0.034284450342844504
24213,0.4314868804664723
24214,0.034284450342844504
24215,0.6792079207920793
24216,0.3872832369942196
24217,0.04897959183673469
24218,0.18281535648994515
24219,0.7369439071566731
24220,0.034284450342844504
24221,0.8614020950846092
24222,0.29591836734693877
24223,0.29591836734693877
24224,0.6870748299319728
24225,0.4314868804664723
24226,0.3088235294117647
24227,0.034284450342844504
24228,0.034284450342844504
24229,0.2482758620689655
24230,0.8614020950846092
24231,0.034284450342844504
24232,0.034284450342844504
24233,0.034284450342844504
24234,0.034284450342844504
24235,0.4314868804664723
24236,0.927007299270073
24237,0.3088235294117647
24238,0.041044776119402986
24239,0.3088235294117647
24240,0.04897959183673469
24241,0.2482758620689655
24242,0.034284450342844504
24243,0.45161290322580644
24244,0.05191256830601093
24245,0.034284450342844504
24246,0.041044776119402986
24247,0.11702127659574468
24248,0.034284450342844504
24249,0.034284450342844504
24250,0.034284450342844504
24251,0.034284450342844504
24252,0.034284450342844504
24253,0.11702127659574468
24254,0.9686847599164927
24255,0.034284450342844504
24256,0.034284450342844504
24257,0.034284450342844504
24258,0.3088235294117647
24259,0.1092436974789916
24260,0.11702127659574468
24261,0.2482758620689655
24262,0.041044776119402986
24263,0.39357429718875503
24264,0.034284450342844504
24265,0.18281535648994515
24266,0.034284450342844504
24267,0.425
24268,0.034284450342844504
24269,0.041044776119402986
24270,0.9686847599164927
24271,0.034284450342844504
24272,0.034284450342844504
24273,0.034284450342844504
24274,0.041044776119402986
24275,0.8614020950846092
24276,0.2482758620689655
24277,0.4314868804664723
24278,0.48484848484848486
24279,0.034284450342844504
24280,0.2482758620689655
24281,0.034284450342844504
24282,0.6792079207920793
24283,0.041044776119402986
24284,0.04897959183673469
24285,0.034284450342844504
24286,0.7369439071566731
24287,0.927007299270073
24288,0.7369439071566731
24289,0.034284450342844504
24290,0.6792079207920793
24291,0.04897959183673469
24292,0.034284450342844504
24293,0.18281535648994515
24294,0.3088235294117647
24295,0.05191256830601093
24296,0.034284450342844504
24297,0.034284450342844504
24298,0.8614020950846092
24299,0.29591836734693877
24300,0.034284450342844504
24301,0.39357429718875503
24302,0.034284450342844504
24303,0.034284450342844504
24304,0.034284450342844504
24305,0.034284450342844504
24306,0.034284450342844504
24307,0.9686847599164927
24308,0.927007299270073
24309,0.041044776119402986
24310,0.04897959183673469
24311,0.041044776119402986
24312,0.034284450342844504
24313,0.034284450342844504
24314,0.034284450342844504
24315,0.04897959183673469
24316,0.034284450342844504
24317,0.8614020950846092
24318,0.7369439071566731
24319,0.927007299270073
24320,0.034284450342844504
24321,0.041044776119402986
24322,0.041044776119402986
24323,0.041044776119402986
24324,0.034284450342844504
24325,0.9686847599164927
24326,0.9983552631578947
24327,0.041044776119402986
24328,0.034284450342844504
24329,0.034284450342844504
24330,0.39357429718875503
24331,0.034284450342844504
24332,0.034284450342844504
24333,0.04897959183673469
24334,0.45161290322580644
24335,0.3872832369942196
24336,0.9983552631578947
24337,0.3088235294117647
24338,0.39357429718875503
24339,0.8614020950846092
24340,0.1092436974789916
24341,0.3088235294117647
24342,0.425
24343,0.034284450342844504
24344,0.034284450342844504
24345,0.3088235294117647
24346,0.04897959183673469
24347,0.05
24348,0.034284450342844504
24349,0.9686847599164927
24350,0.1092436974789916
24351,0.034284450342844504
24352,0.5929824561403508
24353,0.034284450342844504
24354,0.041044776119402986
24355,0.11702127659574468
24356,0.034284450342844504
24357,0.04897959183673469
24358,0.034284450342844504
24359,0.041044776119402986
24360,0.034284450342844504
24361,0.3088235294117647
24362,0.034284450342844504
24363,0.9686847599164927
24364,0.3088235294117647
24365,0.04897959183673469
24366,0.034284450342844504
24367,0.11702127659574468
24368,0.39357429718875503
24369,0.034284450342844504
24370,0.034284450342844504
24371,0.041044776119402986
24372,0.034284450342844504
24373,0.9686847599164927
24374,0.4314868804664723
24375,0.9686847599164927
24376,0.3872832369942196
24377,0.04897959183673469
24378,0.034284450342844504
24379,0.8614020950846092
24380,0.9686847599164927
24381,0.954248366013072
24382,0.034284450342844504
24383,0.3872832369942196
24384,0.927007299270073
24385,0.034284450342844504
24386,0.36936936936936937
24387,0.927007299270073
24388,0.034284450342844504
24389,0.034284450342844504
24390,0.05
24391,0.8614020950846092
24392,0.4314868804664723
24393,0.041044776119402986
24394,0.041044776119402986
24395,0.034284450342844504
24396,0.9686847599164927
24397,0.034284450342844504
24398,0.034284450342844504
24399,0.034284450342844504
24400,0.05191256830601093
24401,0.034284450342844504
24402,0.034284450342844504
24403,0.9983552631578947
24404,0.034284450342844504
24405,0.48484848484848486
24406,0.05191256830601093
24407,0.8184991273996509
24408,0.8614020950846092
24409,0.034284450342844504
24410,0.8184991273996509
24411,0.034284450342844504
24412,0.041044776119402986
24413,0.034284450342844504
24414,0.034284450342844504
24415,0.034284450342844504
24416,0.034284450342844504
24417,0.034284450342844504
24418,0.9686847599164927
24419,0.034284450342844504
24420,0.034284450342844504
24421,0.034284450342844504
24422,0.8614020950846092
24423,0.034284450342844504
24424,0.034284450342844504
24425,0.2482758620689655
24426,0.8184991273996509
24427,0.034284450342844504
24428,0.3088235294117647
24429,0.8614020950846092
24430,0.2482758620689655
24431,0.05191256830601093
24432,0.034284450342844504
24433,0.034284450342844504
24434,0.034284450342844504
24435,0.3088235294117647
24436,0.6792079207920793
24437,0.7369439071566731
24438,0.034284450342844504
24439,0.034284450342844504
24440,0.034284450342844504
24441,0.034284450342844504
24442,0.041044776119402986
24443,0.8184991273996509
24444,0.3088235294117647
24445,0.9686847599164927
24446,0.3088235294117647
24447,0.8614020950846092
24448,0.034284450342844504
24449,0.4314868804664723
24450,0.034284450342844504
24451,0.2482758620689655
24452,0.9686847599164927
24453,0.6870748299319728
24454,0.034284450342844504
24455,0.18281535648994515
24456,0.05
24457,0.041044776119402986
24458,0.034284450342844504
24459,0.05
24460,0.034284450342844504
24461,0.034284450342844504
24462,0.927007299270073
24463,0.034284450342844504
24464,0.7369439071566731
24465,0.8614020950846092
24466,0.9686847599164927
24467,0.11702127659574468
24468,0.034284450342844504
24469,0.034284450342844504
24470,0.034284450342844504
24471,0.9983552631578947
24472,0.5929824561403508
24473,0.927007299270073
24474,0.041044776119402986
24475,0.034284450342844504
24476,0.034284450342844504
24477,0.18281535648994515
24478,0.45161290322580644
24479,0.034284450342844504
24480,0.034284450342844504
24481,0.034284450342844504
24482,0.8184991273996509
24483,0.425
24484,0.04897959183673469
24485,0.034284450342844504
24486,0.034284450342844504
24487,0.29591836734693877
24488,0.3088235294117647
24489,0.034284450342844504
24490,0.034284450342844504
24491,0.7369439071566731
24492,0.29591836734693877
24493,0.034284450342844504
24494,0.11702127659574468
24495,0.04897959183673469
24496,0.034284450342844504
24497,0.05191256830601093
24498,0.4314868804664723
24499,0.034284450342844504
24500,0.034284450342844504
24501,0.3088235294117647
24502,0.04897959183673469
24503,0.034284450342844504
24504,0.034284450342844504
24505,0.034284450342844504
24506,0.18281535648994515
24507,0.034284450342844504
24508,0.034284450342844504
24509,0.18281535648994515
24510,0.39357429718875503
24511,0.39357429718875503
24512,0.39357429718875503
24513,0.034284450342844504
24514,0.927007299270073
24515,0.36936936936936937
24516,0.05191256830601093
24517,0.034284450342844504
24518,0.9686847599164927
24519,0.9686847599164927
24520,0.034284450342844504
24521,0.041044776119402986
24522,0.034284450342844504
24523,0.927007299270073
24524,0.18281535648994515
24525,0.3872832369942196
24526,0.034284450342844504
24527,0.034284450342844504
24528,0.11702127659574468
24529,0.034284450342844504
24530,0.034284450342844504
24531,0.034284450342844504
24532,0.9686847599164927
24533,0.7369439071566731
24534,0.8614020950846092
24535,0.45161290322580644
24536,0.7369439071566731
24537,0.29591836734693877
24538,0.18281535648994515
24539,0.5929824561403508
24540,0.9686847599164927
24541,0.034284450342844504
24542,0.6870748299319728
24543,0.18281535648994515
24544,0.5929824561403508
24545,0.034284450342844504
24546,0.6701030927835051
24547,0.1092436974789916
24548,0.9686847599164927
24549,0.041044776119402986
24550,0.034284450342844504
24551,0.034284450342844504
24552,0.034284450342844504
24553,0.034284450342844504
24554,0.18281535648994515
24555,0.04897959183673469
24556,0.034284450342844504
24557,0.034284450342844504
24558,0.9686847599164927
24559,0.3088235294117647
24560,0.9686847599164927
24561,0.6792079207920793
24562,0.9686847599164927
24563,0.034284450342844504
24564,0.034284450342844504
24565,0.425
24566,0.034284450342844504
24567,0.034284450342844504
24568,0.8184991273996509
24569,0.034284450342844504
24570,0.5929824561403508
24571,0.034284450342844504
24572,0.36936936936936937
24573,0.034284450342844504
24574,0.034284450342844504
24575,0.05191256830601093
24576,0.9686847599164927
24577,0.034284450342844504
24578,0.034284450342844504
24579,0.9686847599164927
24580,0.034284450342844504
24581,0.9686847599164927
24582,0.8614020950846092
24583,0.9686847599164927
24584,0.9686847599164927
24585,0.034284450342844504
24586,0.04897959183673469
24587,0.39357429718875503
24588,0.034284450342844504
24589,0.041044776119402986
24590,0.3872832369942196
24591,0.034284450342844504
24592,0.39357429718875503
24593,0.2482758620689655
24594,0.927007299270073
24595,0.034284450342844504
24596,0.9686847599164927
24597,0.04897959183673469
24598,0.034284450342844504
24599,0.034284450342844504
24600,0.5929824561403508
24601,0.425
24602,0.034284450342844504
24603,0.034284450342844504
24604,0.034284450342844504
24605,0.034284450342844504
24606,0.9686847599164927
24607,0.034284450342844504
24608,0.1092436974789916
24609,0.3872832369942196
24610,0.034284450342844504
24611,0.034284450342844504
24612,0.927007299270073
24613,0.041044776119402986
24614,0.034284450342844504
24615,0.3088235294117647
24616,0.9686847599164927
24617,0.041044776119402986
24618,0.9686847599164927
24619,0.3088235294117647
24620,0.18281535648994515
24621,0.8184991273996509
24622,0.034284450342844504
24623,0.3088235294117647
24624,0.034284450342844504
24625,0.954248366013072
24626,0.6701030927835051
24627,0.04897959183673469
24628,0.3088235294117647
24629,0.11702127659574468
24630,0.425
24631,0.04897959183673469
24632,0.034284450342844504
24633,0.034284450342844504
24634,0.39357429718875503
24635,0.29591836734693877
24636,0.3872832369942196
24637,0.5929824561403508
24638,0.04897959183673469
24639,0.041044776119402986
24640,0.034284450342844504
24641,0.9686847599164927
24642,0.954248366013072
24643,0.034284450342844504
24644,0.29591836734693877
24645,0.8614020950846092
24646,0.8614020950846092
24647,0.29591836734693877
24648,0.45454545454545453
24649,0.034284450342844504
24650,0.48484848484848486
24651,0.041044776119402986
24652,0.5929824561403508
24653,0.6870748299319728
24654,0.9686847599164927
24655,0.05191256830601093
24656,0.034284450342844504
24657,0.9686847599164927
24658,0.8614020950846092
24659,0.034284450342844504
24660,0.034284450342844504
24661,0.18281535648994515
24662,0.927007299270073
24663,0.034284450342844504
24664,0.041044776119402986
24665,0.034284450342844504
24666,0.034284450342844504
24667,0.11702127659574468
24668,0.927007299270073
24669,0.7369439071566731
24670,0.8614020950846092
24671,0.9686847599164927
24672,0.3088235294117647
24673,0.034284450342844504
24674,0.2482758620689655
24675,0.034284450342844504
24676,0.034284450342844504
24677,0.9686847599164927
24678,0.9686847599164927
24679,0.2482758620689655
24680,0.9686847599164927
24681,0.034284450342844504
24682,0.034284450342844504
24683,0.18281535648994515
24684,0.9686847599164927
24685,0.18281535648994515
24686,0.2482758620689655
24687,0.3088235294117647
24688,0.8184991273996509
24689,0.8184991273996509
24690,0.034284450342844504
24691,0.034284450342844504
24692,0.9686847599164927
24693,0.39357429718875503
24694,0.18281535648994515
24695,0.11702127659574468
24696,0.39357429718875503
24697,0.034284450342844504
24698,0.034284450342844504
24699,0.9686847599164927
24700,0.11702127659574468
24701,0.034284450342844504
24702,0.3088235294117647
24703,0.034284450342844504
24704,0.04897959183673469
24705,0.3872832369942196
24706,0.45161290322580644
24707,0.45454545454545453
24708,0.034284450342844504
24709,0.36936936936936937
24710,0.034284450342844504
24711,0.18281535648994515
24712,0.9038461538461539
24713,0.3088235294117647
24714,0.3088235294117647
24715,0.18281535648994515
24716,0.927007299270073
24717,0.18281535648994515
24718,0.034284450342844504
24719,0.45161290322580644
24720,0.3872832369942196
24721,0.6792079207920793
24722,0.034284450342844504
24723,0.034284450342844504
24724,0.041044776119402986
24725,0.927007299270073
24726,0.4314868804664723
24727,0.034284450342844504
24728,0.927007299270073
24729,0.034284450342844504
24730,0.034284450342844504
24731,0.041044776119402986
24732,0.11702127659574468
24733,0.041044776119402986
24734,0.5929824561403508
24735,0.034284450342844504
24736,0.4314868804664723
24737,0.034284450342844504
24738,0.3088235294117647
24739,0.034284450342844504
24740,0.4314868804664723
24741,0.1092436974789916
24742,0.8184991273996509
24743,0.034284450342844504
24744,0.29591836734693877
24745,0.3088235294117647
24746,0.05191256830601093
24747,0.2482758620689655
24748,0.8614020950846092
24749,0.034284450342844504
24750,0.041044776119402986
24751,0.041044776119402986
24752,0.034284450342844504
24753,0.18281535648994515
24754,0.18281535648994515
24755,0.034284450342844504
24756,0.034284450342844504
24757,0.5929824561403508
24758,0.034284450342844504
24759,0.034284450342844504
24760,0.034284450342844504
24761,0.034284450342844504
24762,0.3088235294117647
24763,0.2482758620689655
24764,0.034284450342844504
24765,0.04897959183673469
24766,0.034284450342844504
24767,0.041044776119402986
24768,0.05191256830601093
24769,0.034284450342844504
24770,0.034284450342844504
24771,0.034284450342844504
24772,0.4314868804664723
24773,0.041044776119402986
24774,0.3872832369942196
24775,0.034284450342844504
24776,0.36936936936936937
24777,0.05191256830601093
24778,0.8614020950846092
24779,0.034284450342844504
24780,0.034284450342844504
24781,0.034284450342844504
24782,0.9686847599164927
24783,0.041044776119402986
24784,0.6701030927835051
24785,0.5929824561403508
24786,0.36936936936936937
24787,0.034284450342844504
24788,0.927007299270073
24789,0.05191256830601093
24790,0.034284450342844504
24791,0.4314868804664723
24792,0.034284450342844504
24793,0.9038461538461539
24794,0.034284450342844504
24795,0.034284450342844504
24796,0.9686847599164927
24797,0.034284450342844504
24798,0.034284450342844504
24799,0.18281535648994515
24800,0.425
24801,0.034284450342844504
24802,0.8614020950846092
24803,0.034284450342844504
24804,0.034284450342844504
24805,0.3088235294117647
24806,0.034284450342844504
24807,0.05191256830601093
24808,0.034284450342844504
24809,0.3872832369942196
24810,0.04897959183673469
24811,0.034284450342844504
24812,0.034284450342844504
24813,0.6792079207920793
24814,0.3088235294117647
24815,0.034284450342844504
24816,0.034284450342844504
24817,0.18281535648994515
24818,0.05191256830601093
24819,0.927007299270073
24820,0.9686847599164927
24821,0.034284450342844504
24822,0.2482758620689655
24823,0.3088235294117647
24824,0.29591836734693877
24825,0.034284450342844504
24826,0.8614020950846092
24827,0.034284450342844504
24828,0.1092436974789916
24829,0.034284450342844504
24830,0.4314868804664723
24831,0.034284450342844504
24832,0.034284450342844504
24833,0.3088235294117647
24834,0.041044776119402986
24835,0.2482758620689655
24836,0.05
24837,0.034284450342844504
24838,0.8184991273996509
24839,0.29591836734693877
24840,0.9686847599164927
24841,0.9686847599164927
24842,0.034284450342844504
24843,0.36936936936936937
24844,0.034284450342844504
24845,0.034284450342844504
24846,0.034284450342844504
24847,0.8184991273996509
24848,0.034284450342844504
24849,0.034284450342844504
24850,0.034284450342844504
24851,0.8614020950846092
24852,0.29591836734693877
24853,0.18281535648994515
24854,0.034284450342844504
24855,0.9686847599164927
24856,0.034284450342844504
24857,0.04897959183673469
24858,0.3088235294117647
24859,0.11702127659574468
24860,0.29591836734693877
24861,0.7369439071566731
24862,0.034284450342844504
24863,0.8614020950846092
24864,0.034284450342844504
24865,0.3088235294117647
24866,0.9983552631578947
24867,0.8184991273996509
24868,0.11702127659574468
24869,0.2482758620689655
24870,0.8184991273996509
24871,0.3088235294117647
24872,0.04897959183673469
24873,0.034284450342844504
24874,0.3088235294117647
24875,0.2482758620689655
24876,0.041044776119402986
24877,0.5929824561403508
24878,0.05191256830601093
24879,0.36936936936936937
24880,0.2482758620689655
24881,0.425
24882,0.1092436974789916
24883,0.8614020950846092
24884,0.3088235294117647
24885,0.29591836734693877
24886,0.4314868804664723
24887,0.034284450342844504
24888,0.034284450342844504
24889,0.927007299270073
24890,0.04897959183673469
24891,0.48484848484848486
24892,0.034284450342844504
24893,0.6792079207920793
24894,0.041044776119402986
24895,0.9686847599164927
24896,0.9686847599164927
24897,0.04897959183673469
24898,0.9686847599164927
24899,0.034284450342844504
24900,0.18281535648994515
24901,0.041044776119402986
24902,0.8184991273996509
24903,0.034284450342844504
24904,0.041044776119402986
24905,0.8184991273996509
24906,0.041044776119402986
24907,0.8184991273996509
24908,0.8184991273996509
24909,0.034284450342844504
24910,0.034284450342844504
24911,0.034284450342844504
24912,0.041044776119402986
24913,0.18281535648994515
24914,0.034284450342844504
24915,0.2482758620689655
24916,0.927007299270073
24917,0.04897959183673469
24918,0.8184991273996509
24919,0.034284450342844504
24920,0.29591836734693877
24921,0.927007299270073
24922,0.034284450342844504
24923,0.3088235294117647
24924,0.034284450342844504
24925,0.034284450342844504
24926,0.034284450342844504
24927,0.39357429718875503
24928,0.2482758620689655
24929,0.11702127659574468
24930,0.8614020950846092
24931,0.9686847599164927
24932,0.04897959183673469
24933,0.18281535648994515
24934,0.034284450342844504
24935,0.034284450342844504
24936,0.041044776119402986
24937,0.9686847599164927
24938,0.9686847599164927
24939,0.041044776119402986
24940,0.034284450342844504
24941,0.18281535648994515
24942,0.034284450342844504
24943,0.034284450342844504
24944,0.034284450342844504
24945,0.034284450342844504
24946,0.034284450342844504
24947,0.041044776119402986
24948,0.034284450342844504
24949,0.034284450342844504
24950,0.2482758620689655
24951,0.18281535648994515
24952,0.041044776119402986
24953,0.034284450342844504
24954,0.041044776119402986
24955,0.2482758620689655
24956,0.11702127659574468
24957,0.034284450342844504
24958,0.034284450342844504
24959,0.3088235294117647
24960,0.6792079207920793
24961,0.041044776119402986
24962,0.034284450342844504
24963,0.034284450342844504
24964,0.034284450342844504
24965,0.034284450342844504
24966,0.8614020950846092
24967,0.034284450342844504
24968,0.11702127659574468
24969,0.8614020950846092
24970,0.8614020950846092
24971,0.1092436974789916
24972,0.18281535648994515
24973,0.034284450342844504
24974,0.04897959183673469
24975,0.39357429718875503
24976,0.45161290322580644
24977,0.034284450342844504
24978,0.04897959183673469
24979,0.6870748299319728
24980,0.034284450342844504
24981,0.8614020950846092
24982,0.034284450342844504
24983,0.034284450342844504
24984,0.034284450342844504
24985,0.9686847599164927
24986,0.9686847599164927
24987,0.3088235294117647
24988,0.034284450342844504
24989,0.8614020950846092
24990,0.9686847599164927
24991,0.6870748299319728
24992,0.034284450342844504
24993,0.2482758620689655
24994,0.9983552631578947
24995,0.034284450342844504
24996,0.034284450342844504
24997,0.034284450342844504
24998,0.041044776119402986
24999,0.3088235294117647
